audio_file|text
jfk_00000.wav|Remarks to the Fair Employment Practices Committee from the Cabinet Room of the White House, April 11, 1961.
jfk_00001.wav|The President's Committee on Equal Employment Opportunity is meeting for the first time today.
jfk_00002.wav|I am hopeful and confident that from this time forward, the committee will exercise the great powers given to it by the executive order to presently remove from government employment and work performed for the government
jfk_00003.wav|every trace of discrimination because of race, creed, color, or place of national origin.
jfk_00004.wav|The executive order creating this committee and granting to it powerful sanctions is both an announcement of our determination to end job discrimination once and for all, and an effective instrument to realize that objective.
jfk_00005.wav|Vice President Lyndon Johnson, Chairman of the Committee, Secretary of Labor Arthur Goldberg, and Assistant Secretary of Labor
jfk_00007.wav|This responsibility, I know, will be discharged with fairness, with understanding, with an open mind, and a generous spirit of cooperation, and also with firmness.
jfk_00009.wav|or unreasonable mandate for those sincerely and honestly seeking compliance, nor is there any intention to compromise the principle of equality in employment.
jfk_00010.wav|American citizens unjustly denied the opportunity to work for the government or for those doing business with the government will have that opportunity.
jfk_00011.wav|This is not only just in itself, it is one of the purposes for which we stand before the world.
jfk_00014.wav|Let me just say, speaking personally, that I'm grateful to all of you for taking on this responsibility.
jfk_00015.wav|The federal government spends billions of dollars a year, and therefore this is a most powerful instrument for accomplishing the objectives which we all seek.
jfk_00016.wav|All of us agree that federal money should not be spent in any way which encourages discrimination, but rather should be spent in such a way
jfk_00019.wav|I think that we're particularly fortunate to have the Vice President, who in his high position has undertaken to give this
jfk_00024.wav|I don't think there's any more important domestic effort in which we could be engaged.
jfk_00027.wav|And in a conversation with him about it, he indicated the importance of our establishing our image in accordance with our constitutional promise.
jfk_00030.wav|This is not going to be a committee which issues a number of statements and relies upon exhortation.
jfk_00032.wav|And I think when those powers and responsibilities are put together, we'll be moving along a very important and useful national road.
jfk_00034.wav|I want to say that it's a great pleasure and honor to participate in this event sponsored by the National Geographic, which has been a great American institution, which has advanced our information on a whole variety of horizons in the last years.
jfk_00035.wav|And I can think of no more felicitous award than this to the captain.
jfk_00036.wav|We have learned in the last 60 years how to fly better than the birds, or at least higher and longer.
jfk_00037.wav|And the captain has given us a possibility that someday we may swim as well as the fish, or at least deeper.
jfk_00038.wav|And he is therefore one of the great explorers of an entirely new dimension.
jfk_00039.wav|And I can imagine his satisfaction in having opened up the ocean floor to man and to science.
jfk_00041.wav|the National Geographic Society Gold Medal awarded to Captain Jacques-Yves Costeau, undersea pioneer.
jfk_00042.wav|To earthbound man, he gave the key to the silent world.
jfk_00044.wav|I congratulate also your wife, the representatives of France, the ambassador, Mrs. Alphonse, your country, and you and the Geographic.
jfk_00046.wav|Remarks at the annual meeting of the members of the National Academy of Sciences from the National Academy of Sciences building in Washington, D.C., April 25, 1961.
jfk_00047.wav|Dr. Branch, Dr. Wiesner, ladies and gentlemen, I want to express my appreciation for your generous invitation to be here.
jfk_00049.wav|I'm sure that even some of our English friends who may be here today would probably agree that the two most exceptional men
jfk_00051.wav|This academy was founded in the administration of another president, who though not a scientist himself, did understand the intimate ties which must exist
jfk_00053.wav|This academy is, I think, now about a hundred years old.
jfk_00054.wav|I don't suppose there's ever been a time, even during the days of World War II, when the relationship between science and government must be more intimate.
jfk_00055.wav|Nearly every question which we approach, those of us who hold a political office, have scientific overtones.
jfk_00057.wav|Therefore, all of you are able to pursue your own private interest.
jfk_00058.wav|But it is a fact that the members of this academy have also recognized, probably as much, if not more, than any other group in our society, their obligations to society, to the public interest.
jfk_00059.wav|And therefore, though all of you either teach or work in private industry, some of you in government, all of you have been willing to give your time and your talent
jfk_00061.wav|We are on the threshold of a good many new frontiers.
jfk_00063.wav|The work which we hope we can carry through to fruition in the next months and years on desalinization.
jfk_00064.wav|The work under Dr. Bronk which you have recently undertaken on an analysis of our natural resources.
jfk_00065.wav|The work which we must try to undertake on the problems of our urban society.
jfk_00066.wav|All these problems are political problems, are social problems, are scientific problems.
jfk_00067.wav|And therefore, as President of the United States, I would like to emphasize again the message which all of you have heard in other days.
jfk_00070.wav|In most of the areas where we will move forward involve most sophisticated problems, which your experience and training can help us to solve.
jfk_00071.wav|One of the problems, it seems to me, of a free society is the fact that all of the questions which we must decide now are extremely sophisticated questions.
jfk_00073.wav|All of these involve questions confound the experts.
jfk_00076.wav|Speaking personally, as president, I'm called upon to make decisions, for example, in the field of space, which involve many billions of dollars, where men are committed to one program or another.
jfk_00077.wav|This academy serves as a great natural resource, then, for those of us who are called upon to make these decisions, when we can turn to you and ask your view, ask your advice.
jfk_00078.wav|You are motivated by a desire to see the public interest expanded.
jfk_00080.wav|And therefore, I think that in the long history of this academy, stretching back over a hundred years, never during that time has there been a greater need for understanding and support by the government, the scientific community, and by the public at large.
jfk_00081.wav|So I was anxious to come here today to express my appreciation to you, to ask your help in the days and months to come
jfk_00082.wav|because I think together we can build a stronger society here in this country.
jfk_00084.wav|Remarks of the President to the Joint Conference of the Regional Commissioners and District Directors of the Bureau of Internal Revenue, Washington, D.C., May 1st, 1961.
jfk_00085.wav|Commissioner, Mr. Secretary, I want to
jfk_00086.wav|I came over here this morning to express my great interest in the work that you are doing.
jfk_00088.wav|You are the point of contact with them, the people who work for you.
jfk_00089.wav|And therefore, the kind of spirit which you're able to inculcate into your people has a good deal to do with the success or failure of this great national effort.
jfk_00091.wav|Over half of the money that is collected under taxes goes to our national defense.
jfk_00092.wav|A good deal of the rest goes to other programs of great importance to our national security.
jfk_00093.wav|Out of a total national income of $500 billion, nearly $90 billion are collected in taxes by the federal government.
jfk_00095.wav|That is a tremendous burden to place upon any society, and yet the American people have been willing to assume it.
jfk_00097.wav|I want to commend you for the efforts that you are making to improve our service.
jfk_00098.wav|to make it easier for people to understand exactly what their responsibility is.
jfk_00099.wav|I hope that you will impress upon the agents of the Internal Revenue Service how much we are dependent upon them, on their courtesy, on their efficiency, on their integrity, on their fairness.
jfk_00100.wav|I hope that here in Washington we will continue to work so that the burdens of the tax system become as fairly distributed as possible.
jfk_00101.wav|so that they're distributed in a way which stimulates our economy and stimulates our growth to the extent that is possible and not retards it.
jfk_00103.wav|This is a civil service area.
jfk_00110.wav|It is becoming more obvious that the United States is the great source of strength, not only to the people of this area of the world, but also to people stretched all around the globe.
jfk_00114.wav|I express the hope that in the future, we can, all of us, constantly improve our responsibilities to the public interest.
jfk_00116.wav|Remarks of the President on the signing of the Depressed Areas Bill, the President's Office in the White House, May 1, 1961.
jfk_00118.wav|It's passed both the House and Senate on several occasions, and it's a great satisfaction now
jfk_00120.wav|This bill will help make it possible for thousands of Americans who want to work to work.
jfk_00121.wav|It will be of special help to those areas which have been subjected to chronic unemployment for many months and in some cases for many years.
jfk_00122.wav|In this free society, we want to make it possible for everyone to find a job who wants to work to support their families.
jfk_00125.wav|I want to express and commend the members of the House and Senate who have been identified with this issue.
jfk_00126.wav|for a number of years and they surround me here on both sides.
jfk_00127.wav|I want to congratulate them and to say that there's no piece of legislation which has been passed which gives me greater satisfaction this time.
jfk_00132.wav|I want to announce that the Secretary of Commerce, in whose department the responsibility is placed, is going right to work now and organizing this matter.
jfk_00135.wav|I think we're fortunate to have him and we're glad he's with us here today.
jfk_00136.wav|Remarks of the President upon presenting the National Teachers Award to Miss Helen Adams, Rose Garden of the White House, May 2nd, 1961.
jfk_00137.wav|It's a great pleasure for me to present to Miss Helen Adams of Cumberland, Wisconsin,
jfk_00139.wav|And signed by the Commissioner of Education, the Executive Secretary of the Council of Chief State School Officers, and the
jfk_00141.wav|I must say that it's a particular pleasure to award this certificate to Miss Adams and through Miss Adams to hundreds of thousands of other teachers who labor to educate our children.
jfk_00143.wav|I want them, this is one of the few occasions that we have to express our appreciation to one of them.
jfk_00145.wav|Adams, I know she realizes that we express our appreciation to all the others.
jfk_00146.wav|The education of future Americans is the most important responsibility all of us have.
jfk_00147.wav|We entrust our children to teachers, and they fulfill a great responsibility.
jfk_00149.wav|Adams, who has under great difficulties come to hold a high position in her profession,
jfk_00150.wav|She once said that the best for my children isn't good enough.
jfk_00151.wav|And I think that it's a pleasure to give her the best of these awards, which, in this case, are not good enough.
jfk_00152.wav|This pin, which I think stands for student, teachers, and also this certificate.
jfk_00155.wav|You want to say a word about teaching?
jfk_00158.wav|I think anyone who is really interested in children certainly should give their efforts and do what they can in guiding the children and starting them out, especially in the kindergarten.
jfk_00164.wav|Remarks of the President upon receiving the honorary degrees of Doctor of Laws from George Washington University, Washington, DC, May 3, 1961.
jfk_00166.wav|I want to express my appreciation to the president and to the fellows of this university for the honor that they have bestowed upon me.
jfk_00167.wav|It took my wife to beat me to this honor by about eight or nine years.
jfk_00168.wav|It took her two years to get this degree and took me two minutes, but in any case, we are both grateful.
jfk_00170.wav|University bears the distinguished name of the father of our country, George Washington.
jfk_00171.wav|It is a matter of great interest that there has been an intimate relationship between the great political leaders of our country and our colleges and universities.
jfk_00172.wav|This university bears the name of George Washington, which showed his understanding in his day of the necessity of a free society to produce educated men and women.
jfk_00173.wav|John Adams and John Quincy Adams from my own state of Massachusetts had an intimate relationship with Harvard University.
jfk_00174.wav|Both of them, I believe, were members of the Board of Overseers.
jfk_00175.wav|In both of their lives, Harvard and its development played a major part.
jfk_00176.wav|Washington and Lee shows the intimate relationship which General Lee, the fact that he was willing to devote his life
jfk_00177.wav|at the end of the war to educating the men and women of the South indicated his understanding of this basic precept.
jfk_00179.wav|I don't think that there has ever been a time when we have had greater need for those qualities which a university produces.
jfk_00180.wav|I know that many people feel that a democracy is a divided system, that where the communists are certain in purpose and certain in execution, we debate and talk
jfk_00181.wav|and are unable to meet their consistency and their perseverance.
jfk_00183.wav|There are many disadvantages which a free society bears with it in a Cold War struggle.
jfk_00184.wav|But I believe over the long run that people do want to be free, that they desire to develop their own personalities and their own potential, that democracy permits them to do so.
jfk_00185.wav|and that it is the job of schools and colleges such as this to provide the men and women who will, with their sense of discipline and purpose and understanding, contribute to the maintenance of free societies here and around the world.
jfk_00186.wav|A hundred years ago, George William Curtis, of my own state, asked a body of educators during the Kansas-Nebraska controversy, would you have counted him a friend of ancient Greece
jfk_00187.wav|who quietly discussed the theory of patriotism on that hot summer day through whose hopeless and immortal hours Leonidas and the 300 stood at Thermopylae for liberty.
jfk_00188.wav|Was John Milton to conjugate Greek verbs in his library when the liberty of Englishmen was in peril?
jfk_00190.wav|The duty of the educated man or woman, the duty of the scholar, is to give his objective sense
jfk_00191.wav|his sense of liberty to the maintenance of our society at a critical time.
jfk_00192.wav|This is our opportunity as well as our responsibility.
jfk_00193.wav|And I'm particularly glad to be here today when we are witnessing the swearing in of a new president.
jfk_00194.wav|Many years ago, as most of you know, at Harvard University, somebody came around and asked for President Lowell.
jfk_00196.wav|I know that some other day, when they're asking for the President of your University, they'll say that he's over at the White House seeing Mr. Kennedy.
jfk_00197.wav|They understood at Harvard, and you understood here, the relative importance of a University President and a President of the United States.
jfk_00199.wav|Remarks of the President upon signing the Minimum Wage Bill.
jfk_00202.wav|This is the first time since the act came into existence under the administration of President Franklin Roosevelt in 1938.
jfk_00204.wav|I don't believe that there is any American who believes that any man or woman should have to work in interstate commerce in companies of substantial size for less than $1.25 an hour or $50 a week.
jfk_00206.wav|And I therefore want to commend the members of the Congress and the House and the Senate, the Chairman of the subcommittees,
jfk_00207.wav|who were particularly involved, the leadership of the House and Senate for their untiring efforts.
jfk_00208.wav|I also want to commend the leaders of the organized labor, the AFL-CIO, who are here today with Mr. Meany, for their long interest.
jfk_00209.wav|Every member of pretty much of their unions are paid more than a dollar and a quarter, but they have been concerned about unorganized workers who have been at the bottom of the economic ladder.
jfk_00210.wav|who have not benefited from our growing prosperity in this country as a nation over the long number of years, and who need our help.
jfk_00211.wav|This doesn't finish this job, but it is a most important step forward.
jfk_00212.wav|And as a former member of the Senate who is particularly interested in it, I must say that I'm delighted to sign it.
jfk_00215.wav|The South Lawn of the White House, Washington, D.C., May the 10th, 1961.
jfk_00217.wav|and to also tell you what a pleasure it is and honor it is for us that you have chosen to come and study in the United States.
jfk_00218.wav|You represent really the seed for your country.
jfk_00219.wav|In every case, all of you represent a sacrifice, not only on behalf of yourselves, but on behalf of your country and the people within your country who are responsible for sending you here to study.
jfk_00220.wav|When you go back, you will become among the future leaders of your country.
jfk_00221.wav|In the last two months, I have been honored by a visit from two visitors who are leaders of their country, both of whom studied as young men here in the United States.
jfk_00222.wav|And I am confident President Nkrumah and Dr. Banda, both from Africa,
jfk_00225.wav|All of our strengths and all of our weaknesses are on display.
jfk_00229.wav|And I hope that those of you who study here will come to realize that this diversity, this division, in some cases this dissension, is not a source of weakness but is a source of strength.
jfk_00231.wav|Upon it rests the security of each individual in this country.
jfk_00232.wav|So that when you come here and when you study
jfk_00235.wav|that to begin a voyage of a thousand miles requires the first step.
jfk_00236.wav|I believe that we've taken more than the first step in this country, that we are moving ahead.
jfk_00237.wav|But I realize we have a long way to go to build a free and open country here and free and open societies around the world.
jfk_00238.wav|We want you to enlist yourselves in that great effort for your own people.
jfk_00240.wav|You will go from here back home understanding what we are trying to do and getting a better understanding of what your countries themselves must do.
jfk_00244.wav|So today, we welcome you here.
jfk_00245.wav|You are going to teach us a good deal more in the time you're here than you will learn.
jfk_00246.wav|You are our guest, and you benefit us, and you are welcome among us today.
jfk_00247.wav|The last great visit we had was this house, as I suppose, had many invasions, including that of the British, when they burned it down.
jfk_00248.wav|Today, we seek to build, and we want you to know that we are proud to have you here.
jfk_00249.wav|Remarks of the President greeting Vice President Johnson when he returned from his overseas tour.
jfk_00251.wav|I want to express our great pride and satisfaction in having the Vice President and Mrs. Johnson back with us.
jfk_00252.wav|And I also want to join our fellow countrymen in commending
jfk_00254.wav|Mr. Suffrage, who's head of the retail clerks and who had a chance to communicate with some of the labor people in the countries which they visited by the vice president.
jfk_00255.wav|Also, Dr. Cain of the Mayo Clinic, who was a valuable participant in this voyage.
jfk_00256.wav|And also my sister, Jean, and her husband, Steve.
jfk_00258.wav|which the Vice President and his wife visited for coming today to join in this reception.
jfk_00260.wav|I believe the Vice President's timely and gallant enterprise of purpose accomplished the missions originally conceived in Washington.
jfk_00263.wav|single discordant note in their generous hand of welcome, which they extended to this group of distinguished Americans.
jfk_00264.wav|And therefore, I want to take this opportunity to express our thanks to the ambassadors here and through them to their countries for their very kind action to a group of Americans in whom we have great confidence.
jfk_00265.wav|I think the vice president's journey represented a great public service.
jfk_00266.wav|There are members from both parties here today to greet him.
jfk_00267.wav|There were members of both parties in his group going around the world.
jfk_00268.wav|This was an American effort to indicate our great concern for the cause of freedom in significant and important countries around the world.
jfk_00270.wav|We don't quite understand why all of you should look so well, while those of us who are here, resting, look so
jfk_00271.wav|but nevertheless, we're glad to have you back and we appreciate very much what you did.
jfk_00272.wav|Remarks of the President before signing the Latin American Aid Bill from his office in the White House, Washington, D.C., May the 27th, 1961.
jfk_00273.wav|It is a great honor in the company of distinguished members of the Congress and our friends from this hemisphere to
jfk_00276.wav|The cooperation between the countries, North and South,
jfk_00277.wav|their efforts to make a better life for their people, their willingness to advance, their common willingness to take the necessary steps which will ensure a more fruitful existence.
jfk_00278.wav|All these are essential if this hemisphere is to move forward in a true alliance for progress.
jfk_00279.wav|This is an effort made by the people of the United States to participate in this effort.
jfk_00280.wav|I think in the coming months and years we can build a stronger and more prosperous hemisphere, a hemisphere in which all people, from the top down to the bottom of the globe, share in hopes for a better life.
jfk_00281.wav|So it is a great pleasure for me to sign this act in the presence of the members of the Congress whose actions made this bill possible, and in the presence of a distinguished predecessor of mine, President Truman.
jfk_00282.wav|who in his administration carried out the efforts to improve relations substantially in this hemisphere.
jfk_00283.wav|Remarks of the President upon Arriving Orly Field, Paris, France, May 31st, 1961.
jfk_00284.wav|General De Gaulle, members of his government, Madam De Gaulle, I want to express on behalf of my wife and myself
jfk_00285.wav|our most generous appreciation of your welcome today.
jfk_00286.wav|I come from America, the daughter of Europe, to France, which is America's oldest friend.
jfk_00288.wav|Every man has two countries, France and his own.
jfk_00289.wav|But I come today not because merely past ties and past friendship, but because the present relationship between France and the United States is essential for the preservation of freedom around the globe.
jfk_00290.wav|I come also because of the grandeur of France's present mission, the productivity of her workers, the brilliance of her universities,
jfk_00292.wav|In my office in recent weeks, I have received many envoys of new countries.
jfk_00293.wav|Many of them spoke French, the language of free men.
jfk_00295.wav|You have been a captain in the field, in the defense of the West, for more than 20 years.
jfk_00296.wav|Your vigor, your leadership, your long sense of history
jfk_00298.wav|France and the United States have been associated in the past in many great causes, but I can think of no more happy cause than to be associated together in the climactic moment in the defense of freedom.
jfk_00299.wav|Remarks of the President at a Steak Dinner given in his honor.
jfk_00302.wav|In this city, in 1783, Benjamin Franklin signed the treaty which made us sovereign, independent, and equal.
jfk_00303.wav|And in addition, it is not difficult for this president of the United States to come to France.
jfk_00306.wav|I go to my office, and the bad news of the day is brought to me by my press secretary, Pierre Solange, not in his native language.
jfk_00309.wav|to explain the close relations which exist between the United States and France.
jfk_00310.wav|There is no doubt that the early revolutionary leaders paid due tribute to France, George Washington and the others, for the role which France played in the independence of our country.
jfk_00311.wav|But it is an interesting fact in history that John Adams, who was also a minister to France and a successor to General Washington,
jfk_00312.wav|should want as his epitaph to be written, he kept the peace with France.
jfk_00314.wav|And where once General Washington and Mr. Adams paid tribute to France, Mr. Adams could claim as his great contribution that he did not engage in war with this country.
jfk_00315.wav|So that sentiment and friendship, which come and go, are not sufficient.
jfk_00316.wav|to explain the enduring ties which exist between France and the United States.
jfk_00318.wav|I live in a part of America which is the most eastern part, and I look across the ocean, and the nearest country I can see is France.
jfk_00319.wav|It has been in this century a strong conviction of the presidents and the people of the United States that the security of my country would be directly threatened.
jfk_00320.wav|if France were not independent and strong and sovereign.
jfk_00321.wav|And so, in this century, on two occasions, young men from my country have come to contribute to the maintenance of that independence and that sovereignty.
jfk_00322.wav|And now, in the most difficult era in the life of our two countries, this next decade, I believe the ties should be even more intimate.
jfk_00325.wav|I believe that we are one body and it is my hope that on this visit we can contribute to the uniformity of view
jfk_00326.wav|which will permit us to go to the river of peace and gain satisfaction from it.
jfk_00327.wav|As an American, I take pleasure in seeing people around the world salute the American Revolution and the principles for which we fought.
jfk_00328.wav|As Frenchman, I know that you take satisfaction that people around the world invoke your great mottos of liberty, equality, and fraternity.
jfk_00329.wav|What counts, of course, is not merely the words, but the meaning behind them.
jfk_00330.wav|We believe in liberty and equality and fraternity.
jfk_00331.wav|And we believe in life and liberty and the pursuit of happiness.
jfk_00333.wav|Not merely the slogans and the mottos, which are invoked across the globe by those who make themselves our adversary,
jfk_00334.wav|We believe in the significance behind these great ideas.
jfk_00335.wav|And therefore, I think it quite natural that in this most difficult decade of the 1960s, France and the United States should be once again associated together.
jfk_00336.wav|And it is a particular source of satisfaction to me, as President of the United States, that we should be associated with President De Gaulle.
jfk_00338.wav|as the only great leader of World War II who occupies a position of high responsibility.
jfk_00340.wav|And he stands true to the same concept which he fought for during the Second World War, the sovereignty of France, the community of the Western nations.
jfk_00342.wav|on this field which he has occupied for more than 20 years.
jfk_00343.wav|I ask you to drink to the great Captain of the West, your President General DeGaulle.
jfk_00344.wav|Remarks of the President to a Big Brothers Dinner in honor of Ed Foley, Mayflower Hotel, Washington, D.C., June 7, 1961.
jfk_00347.wav|I was anxious to come here tonight for two reasons.
jfk_00349.wav|And also because I think this cause, which has brought together a good many busy people who have many other obligations and many other interests, is a most important cause for this country.
jfk_00350.wav|Drew Pearson had in his article this morning some statistics which I would hope every American would read.
jfk_00351.wav|And I have three statistics here which I think are important.
jfk_00353.wav|7.5 million American young people will drop out of school before they graduate.
jfk_00355.wav|In the next 10 years, 26 million men and women, boys and girls, 25 years or under, will come into the labor market and be looking for jobs.
jfk_00357.wav|The jobs available to those who are only semi-skilled, who are not well-educated, who are not well-adjusted, who are not well-motivated, those jobs will become less and less.
jfk_00359.wav|to fulfill their own destiny, but also demonstrating what a free people can do.
jfk_00361.wav|and ultimately may end up, as so many do, in a life of crime when they're young, which stains their life from then on.
jfk_00363.wav|And many people write to me once in a while and say, well, you say, what can we do for America?
jfk_00365.wav|Well, I suppose they feel that it might be easier if you could write back and say that you want them to
jfk_00366.wav|go ashore on a bombarded beach, or to take some action one afternoon, which would make a significant difference in the life and survival of our country.
jfk_00367.wav|But those are not really the responsibilities, the kind of responsibility, which we're going to have to meet in the coming days and years.
jfk_00368.wav|It's a much slower and more gradual task.
jfk_00369.wav|There is no final definite responsibility or commitment
jfk_00370.wav|which we must accept, and if accept, fulfill our responsibility.
jfk_00371.wav|We must do all the gradual things, which are unspectacular, and in many cases seem unrewarding, to help a foreign student, or to do what you're doing here tonight.
jfk_00372.wav|No one in the United States, other than those who are associated in your work, will possibly recognize that the effort that you make here tonight, or, more importantly,
jfk_00373.wav|that have made week by week, year by year, to assist one, two, or three boys or girls, no one could possibly feel that that represents a significant contribution to the maintenance of our country.
jfk_00374.wav|But if it's done by enough people for enough period of time, it will represent a significant contribution.
jfk_00375.wav|The government of the United States, the vice president or the president, cannot possibly in a free society
jfk_00376.wav|command, or should they, those actions for the benefit of the state, which our adversaries are able to do with ease.
jfk_00377.wav|These things must be done in a voluntary manner, and they must be done by our own individual impulse.
jfk_00378.wav|And therefore, I think this work that you are doing is work which is most important in a most important time in the life of our country.
jfk_00379.wav|And if in that effort you are able, by the passage of some
jfk_00381.wav|So I congratulate you tonight and those who are joined with you.
jfk_00382.wav|This is the sort of thing that I mean when I say what we can do for America.
jfk_00383.wav|Remarks of the President upon greeting President Ulu of the Congo, Metz Terminal, Washington, D.C., June 8, 1961.
jfk_00385.wav|Secretary, General, Ambassador, I wish to express my great pleasure at this country being honored by your visit.
jfk_00386.wav|You have played a most important and significant role in the most important event in the life of any country, and that is its emergence
jfk_00387.wav|into a free, sovereign, and independent status.
jfk_00390.wav|And therefore, Mr. President, you come to us today from a distant continent,
jfk_00393.wav|Remarks upon signing the NASA Authorization Bill, H.R.
jfk_00394.wav|674, from the White House Fishroom, July 21st, 1961.
jfk_00395.wav|It is a pleasure to sign today the Authorization Bill for the National Aeronautics and Space Administration.
jfk_00396.wav|This bill has been approved by the Congress in an overwhelming manner and demonstrates united support for a new and vigorous space program
jfk_00399.wav|It's significant also that this flight was made before the eyes of the watching world with all the hazard that that entails.
jfk_00402.wav|Remarks of the President on the Return of Vice President Johnson from Berlin and Bonn from the Fishroom of the White House, August 21, 1961.
jfk_00405.wav|the confidence and trust which the people of West Berlin have in this country and in its commitments.
jfk_00406.wav|And it places a heavy responsibility upon all of us to meet that responsibility.
jfk_00407.wav|I want to express my thanks to him for this most important service he has rendered to our country, to General Clay who accompanied him, who was the commandant in Berlin during the airlift in the late 40s,
jfk_00408.wav|Mr. Boland from the State Department, Secretary of State, Mr. Rusk, and I are most gratified by their visit.
jfk_00409.wav|And we are aware, and the Vice President has emphasized this, that we are going to pass through difficult weeks and months in the time ahead in maintaining the freedom of West Berlin.
jfk_00411.wav|REMARKS OF THE PRESIDENT TO A GROUP OF CRIPPLED CHILDREN ATTENDING A CONCERT BY THE TRANSYLVANIA MUSIC GROUP FROM BREVARD, NORTH CAROLINA.
jfk_00412.wav|FROM THE WHITE HOUSE LAWN, 22nd August, 1961.
jfk_00413.wav|I want to express our great pleasure at having Dr. Fall and the students from his school in North Carolina.
jfk_00414.wav|I just said to them that I think they played HAIL OF THE CHIEF better than the Marine Corps
jfk_00416.wav|I think we have the governor of North Carolina, Mrs. Sanford, and Governor Hodges, and Mrs. Hodges, and also some of the North Carolina delegation with us today.
jfk_00417.wav|This is the first in a series of concerts here at the White House by students of music, by younger people, for younger people.
jfk_00418.wav|And we hope that we will have many during the coming months and years.
jfk_00422.wav|I think that sometimes in this country we're not as aware as we should be of the extraordinary work that's being done in this field.
jfk_00423.wav|Probably the best chamber music in the world is played in Vermont by young Americans.
jfk_00424.wav|And here in this school where they have produced extraordinary musicians and teachers, and their work is being duplicated all across the United States.
jfk_00426.wav|And therefore, it is a great source of satisfaction to me, representing, as I do today, my wife, to welcome all of you here today to the White House.
jfk_00427.wav|We're particularly glad that you're playing for a group of children from the district, who we're very happy to welcome here to the White House also.
jfk_00428.wav|So while I'll have to go back to my office, I do want to say that I'm going to keep the door open.
jfk_00429.wav|Remarks of the President upon the departure of the first contingent of the Peace Corps to Ghana and Tanganyika from the White House Rose Garden, August 28, 1961.
jfk_00431.wav|I want to express my great pleasure at welcoming all of you who are the first members of the Peace Corps to be graduated from these schools and also the first members of the Peace Corps to go overseas.
jfk_00433.wav|I'm sure that you realize how important and valuable is the work in which you're engaged.
jfk_00434.wav|One of the great problems that the people of Africa face are the comparatively few experienced, educated leaders that they have positions of responsibility during these first days of their independence.
jfk_00435.wav|And to indicate the intimate relationship between teaching and leadership, the president of Ghana, President Nkrumah, studied here in the United States.
jfk_00437.wav|The President, the Prime Minister-to-be of Tanganyika, Mr. Nyerere, studied at St.
jfk_00438.wav|Andrews in Scotland, and both of them, of course, are among the most vigorous leaders of the new Africa.
jfk_00439.wav|I feel a particular satisfaction because this is the most immediate response, the Peace Corps, that I think the country has seen to the whole spirit which
jfk_00440.wav|I tried to suggest in my inaugural about the contribution which we could make to our country.
jfk_00443.wav|The fact that you're willing to do this for our country and in the largest sense, as the name suggests, for the cause of peace and understanding, I think should make all Americans proud and make them all appreciative.
jfk_00444.wav|There are, of course, a great many hundreds of millions of people scattered throughout the world.
jfk_00446.wav|But a great impression of what kind of a country we have and what kind of a people we are,
jfk_00448.wav|You will be the personification of a special group of young Americans.
jfk_00450.wav|So I hope you realize, and I know you do, that the future of the Peace Corps really rests with you.
jfk_00451.wav|If you do well, then the Peace Corps will be developed, and more and more Americans will go abroad.
jfk_00452.wav|And we'll find a greater and greater response to this idea of serving our country.
jfk_00453.wav|I'm glad that those of you who are going to Tanganyika, who are going to take part in surveying, it's desperately needed.
jfk_00454.wav|It's the kind of a skill which, if I think that
jfk_00456.wav|Tanganyika is gifted with unusual leadership, and I'm particularly glad that you're going there to help open up the back land.
jfk_00457.wav|So that you're very welcome here, and we're all proud of you, and I must say we put a good deal of hope in the work that you do.
jfk_00459.wav|Remarks of the President on the 50th Anniversary of the First Workmen's Compensation Act
jfk_00460.wav|on the South Lawn of the White House, August 31st, 1961.
jfk_00462.wav|for the action it took in 1911, 50 years ago, in passing the first state workman's compensation law.
jfk_00463.wav|And the leadership shown in that state on that occasion was followed in later years by other actions which that state took in the 20s, which led directly to the passage in the 30s of the National Social Security Act.
jfk_00464.wav|This first step to provide security for American workingmen
jfk_00465.wav|who may have been injured, to provide security for their families if they may have been fatally injured, represents one of the great landmarks of social legislation on our books in the long history of this country.
jfk_00466.wav|That promising beginning has meant security to millions of Americans, and it represents the kind of forward-looking action on the state and national level the need for which faces us in our own day in 1961.
jfk_00468.wav|But we also look forward and we recognize that in our time, in the states and in the national government, there is still a good deal of unfinished business.
jfk_00470.wav|who have exhausted in recent weeks the emergency unemployment compensation and who now want to work and find themselves having to turn to inadequate public assistance.
jfk_00472.wav|resources stored away in spite of many years of devoted labor and adequate resources to meet their medical bills.
jfk_00474.wav|So I want to congratulate the post office for this memorial to progress.
jfk_00475.wav|I'm delighted that the governor, a distinguished governor and progressive governor of the state of Wisconsin, to which we all owe much, that he has come here today and participated in this ceremony.
jfk_00476.wav|And I'm sure that his presence here, this stamp, that when all of us look at this stamp,
jfk_00479.wav|The President's remarks upon signing Bill H.R.
jfk_00480.wav|9118 from the Presidential Suite of the Carlisle Hotel in New York City, September 26th, 1961.
jfk_00481.wav|In the signing of H.R.
jfk_00482.wav|9118, there is created the United States Arms Control and Disarmament Agency.
jfk_00483.wav|This act symbolizes the importance the United States places on arms control and disarmament in its foreign policy.
jfk_00484.wav|Creation for the first time by act of Congress of a special organization to deal with arms control and disarmament matters emphasizes the high priority that attaches to our efforts in this direction.
jfk_00486.wav|It is a complex and difficult task to reconcile through negotiation the many security interests of all nations to achieve disarmament.
jfk_00487.wav|But the establishment of this agency will provide new and better tools for this effort.
jfk_00488.wav|I am pleased and heartened by the bipartisan support this bill enjoyed in the Congress.
jfk_00489.wav|The leaders of both political parties gave encouragement and assistance.
jfk_00490.wav|The new agency brings renewed hope for agreement and progress
jfk_00492.wav|I want to express my thanks to the members of Congress, particularly who are here, who were especially interested.
jfk_00493.wav|I'm extremely sorry that Senator Humphrey, who was a particularly vigorous proponent of this legislation for many years in the Senate, is obliged to remain in Washington.
jfk_00494.wav|And I want to add a special word of thanks to Mr. McCloy, who is the disarmament advisor, who has given this entire matter
jfk_00496.wav|I want to take this opportunity to announce that the Director of the United States Arms Control and Disarmament Agency, set up by this legislation, will be Mr. William Foster.
jfk_00497.wav|He has been a consultant to Mr. McCloy in preparing the American plan, which has been submitted to the United Nations General Assembly yesterday.
jfk_00498.wav|And he and a group have been working for many months, full time, on this most important assignment.
jfk_00499.wav|I think that Mr. Salinger can give this afternoon to any members of the press some of the biographical material.
jfk_00500.wav|Mr. Foster has been a distinguished public servant for many years in the Congress, as a most active and leading official in the Marshall Plan.
jfk_00501.wav|He is a Republican, and I think his appointment indicates
jfk_00503.wav|So I want to express our appreciation to you, Mr. Foster, for taking on this assignment.
jfk_00504.wav|Mr. Salinger, perhaps, can fill in some of the details.
jfk_00506.wav|The director of this has the rank of an Undersecretary of State, and his work will be most closely coordinated with the Secretary of State, me in the White House, and with our representatives at the General Assembly.
jfk_00507.wav|Perhaps we get a photographer in here to get a picture in here with Mr. Boston.
jfk_00508.wav|The President's remarks upon announcing the appointment of John McCone to head the Central Intelligence Agency.
jfk_00509.wav|from the Naval War College at Newport, Rhode Island, September 27, 1961.
jfk_00510.wav|Mr. Dulles, Mr. McCone, I want to express first our appreciation to you, Admiral, for your hospitality this morning and that of the United States Navy.
jfk_00512.wav|I have asked Mr. John McCone to
jfk_00513.wav|accept the responsibility of being the director of the Central Intelligence Agency and chairman of the Joint Intelligence Board, and I've asked him to assume this responsibility later in the fall.
jfk_00514.wav|When Mr. Alan Dulles and I had our conversation last November, and when I asked him to continue on in his responsibility
jfk_00515.wav|as director of the Central Intelligence Agency, he agreed to do so for a year.
jfk_00517.wav|and that the transition which would be made this fall should be as smooth and effective as possible.
jfk_00519.wav|in the administration of President Eisenhower has agreed to once more come and accept a position of high responsibility.
jfk_00521.wav|Coming once again to Washington represents a real sacrifice for him.
jfk_00522.wav|I know that all of us who are concerned with our present responsibilities are extremely happy to have his counsel.
jfk_00524.wav|He will come in about two weeks and work with Mr. Dulles, and in November will assume the responsibility.
jfk_00525.wav|I would like to say one word about my very strong feelings of appreciation and regard for the present director of the Central Intelligence Agency.
jfk_00526.wav|He has a record almost unique, if not unique, in the history of this country.
jfk_00529.wav|I know of no man who is a more courageous, selfless public servant than Mr. Allen Dulles.
jfk_00532.wav|He has agreed to continue to serve as a consultant to me on intelligence matters, and therefore his long experience will be available to the people of this country.
jfk_00533.wav|Remarks of the President upon his arrival at the Raleigh-Durham Airport, October 12, 1961.
jfk_00534.wav|Governor Sanford, members of the Congress, Secretary Hodges, I want to express my pleasure at again being back in North Carolina.
jfk_00535.wav|The last time was a year ago, though the conditions were somewhat different.
jfk_00536.wav|I do want to say that it's a great satisfaction to me to join you in opening this fair.
jfk_00539.wav|has been among the most vigorous of any state in the United States.
jfk_00540.wav|And this effort to tie together in a place where this state and country and world can see the products of this state, I think can mean increased development and well-being for the people of this state in the future.
jfk_00541.wav|What Governor Sanford and the officials and the people of this state are attempting to
jfk_00542.wav|in developing the economy of North Carolina and in providing a better life for the people.
jfk_00543.wav|We, with the help of the Secretary of Commerce, Governor Sanford's predecessor, are attempting to do in the nation.
jfk_00548.wav|And I think together we can show what North Carolina and the United States can and must do.
jfk_00549.wav|And therefore, as President of the United States, it is a high honor to open this fair, and with it, to show the world what North Carolina stands for.
jfk_00550.wav|Remarks of the President upon the arrival of the President of Finland, Andrews Air Force Base, October 16, 1961.
jfk_00552.wav|Mr. Minister, I want to express on behalf of the people of the United States our great satisfaction at your visit here as President of your country.
jfk_00555.wav|They are the qualities which we have found in those Finns who have come among us and raised their families.
jfk_00556.wav|And it is a source of personal pleasure to us all that during your visit here you will, in Michigan, have a chance to visit one of those families who are related to you.
jfk_00557.wav|In addition, throughout the long history of the Finnish people, and especially today,
jfk_00558.wav|We have come to recognize in the actions of her people, her outlook on life, her determination to maintain her own freedom, her own integrity.
jfk_00561.wav|Your last visit to the United States was when you led the Olympic team from Finland to Los Angeles in 1932.
jfk_00564.wav|But I'm confident that the same warm ties which were in existence then, many years ago, in other days, are strengthened today.
jfk_00565.wav|Mr. President, though you have come from a far north country, here to the United States, to Washington, you have come to a country which is warm in its welcome to you and in our admiration for your people.
jfk_00566.wav|REMARKS OF THE PRESIDENT UPON THE ARRIVAL OF THE PRESIDENT OF LIBERIA, NATIONAL AIRPORT, WASHINGTON, D.C., OCTOBER 19, 1961.
jfk_00567.wav|Mr. President, it is a great honor to welcome you and the members of your government here on a visit to Washington and the United States.
jfk_00568.wav|You have occupied a position of the highest responsibility in your country.
jfk_00569.wav|since 1943, a record unprecedented at this time any place in the world.
jfk_00570.wav|You are the only surviving political leader of those days long ago during the days of the Second World War.
jfk_00571.wav|You have come on many occasions to the United States, and you come again on this occasion
jfk_00572.wav|at a time of great change in Africa, a time of great progress within your own country.
jfk_00573.wav|You, Mr. President, are a symbol of stability and also of change.
jfk_00575.wav|to welcome a leader who has been identified in his own life and in his own country for the great causes of freedom and progress and well-being of his people.
jfk_00576.wav|And therefore, Mr. President, I welcome you to the United States once again.
jfk_00577.wav|I express particular pleasure in having you here at this time and in having an opportunity to discuss with you the great changes which are occurring in Africa and throughout the world.
jfk_00578.wav|With your long view, your long experience, you are a most welcome guest.
jfk_00579.wav|Mr. President, the people of the United States once again wish to join in welcoming you to our country.
jfk_00580.wav|Remarks of the President to a group of Latin American archivists from the Rose Garden of the White House, October 24, 1961.
jfk_00581.wav|Ladies and gentlemen, I want to express our great pleasure and satisfaction in having all of you here.
jfk_00582.wav|On the archives building here in Washington, you've probably seen the phrase, what is past is prologue.
jfk_00583.wav|And your ability to guard and make possible the interpretation of the past, I think, will ensure a stronger future.
jfk_00584.wav|I'm hopeful that the meeting here will improve the techniques which we all have for preserving the record of the past.
jfk_00586.wav|It will make it more possible for you and for us to make meaningful this past to our present citizens.
jfk_00587.wav|I think there's no sense in having the papers of the past beautifully kept unless they have an impact on the lives of our people.
jfk_00588.wav|I have, for example, always felt that one of the great lacks among Americans of this country in their knowledge of the past has been
jfk_00589.wav|their knowledge of the whole Spanish influence and exploration and development in the 16th century in the Southwest United States, which is a tremendous story.
jfk_00590.wav|Unfortunately, too many Americans think that America was discovered in 1620 when the Pilgrims came to my own state, and they forget the tremendous
jfk_00591.wav|adventure of the 16th century, the early 17th century, the Southern United States and Southwest.
jfk_00593.wav|You have the most, you keep, the doctor was telling me in Mexico, some of the records of Cortes in his country.
jfk_00594.wav|I'm sure that stretching through all your countries are the most extraordinary records of courage and fortitude and perseverance.
jfk_00597.wav|Can you improve it?
jfk_00598.wav|Remarks made upon the arrival of the President and Prime Minister Nehru of India at Andrews Air Force Base, Maryland, November 6th, 1961.
jfk_00601.wav|Some national leaders, and it is a source of pride to us as Americans that some American leaders have their fame, their reputation,
jfk_00602.wav|have spread across their national frontiers and boundaries, and their reputation and the affection in which they are held have become worldwide.
jfk_00605.wav|India and America are separated by half the globe, but I think that you are aware, as you surely must have been aware,
jfk_00607.wav|So, Prime Minister, we welcome you here to the shores of this country as a friend, as a great world leader, as one who has in his own
jfk_00608.wav|life and times, stood for those basic aspirations which the United States stands for today.
jfk_00609.wav|Prime Minister, you are most welcome here to this country, and we hope that when you leave, you will find renewed sense of vigor and purpose here in the United States.
jfk_00611.wav|Remarks to the Board of Trustees of the Union of American Hebrew Congregations in the White House Rose Garden, November 13, 1961.
jfk_00612.wav|Rabbi, Mr. President, Secretary Goldberg, I will ask the Secretary of Labor to translate this for me.
jfk_00616.wav|Mr. President, this is the least of my challenges.
jfk_00617.wav|I want to express my great satisfaction in welcoming you to the White House again, and to tell you how grateful I am for your generosity.
jfk_00618.wav|These Torahs I know have a special significance for you, and particularly this one.
jfk_00620.wav|I think, as the rabbi said, that the significance of this ceremony is not merely a gift of an ancient document,
jfk_00622.wav|I've never felt that we should attempt to use the great impulse towards
jfk_00623.wav|God and towards religion, which all people feel as an element in a Cold War struggle.
jfk_00625.wav|In the inaugural address to which the rabbi mentioned, I said that the basic issue
jfk_00626.wav|was that the rights the citizen enjoyed did not come from the state, but rather came from the hand of God.
jfk_00627.wav|And it's written here, and it's written in the Old and the New Testament.
jfk_00628.wav|So I'm grateful to you, and I want you to know that in coming here today, I think it symbolizes the happy relations which exist between all religious groups and must continue to exist in this country.
jfk_00631.wav|There's no gift which could please me more, and I'm delighted to welcome you to your house.
jfk_00632.wav|Remarks of the President at the presentation of the Harmon Flying Trophy to the crew of the X-15 rocket plane from the fishroom of the White House, November 28, 1961.
jfk_00635.wav|I think that this award is particularly gratifying because it is a very exact combination of technical development, engineering skill,
jfk_00637.wav|I think, as you pointed out, flights of over 4,000 miles an hour at 200 and
jfk_00640.wav|So that I think in presenting it to these three men, I think they will also permit us to share their pride and satisfaction as a country.
jfk_00641.wav|So gentlemen, I want to, on behalf of the trustees, on behalf of the people of this country, to present this trophy to you and to tell you that your achievements give us the greatest possible satisfaction
jfk_00642.wav|and a sense of pride in knowing that Americans have made this tremendous contribution and that we produced a U-3.
jfk_00643.wav|Remarks of the President upon arriving Makita Airport, Caracas, Venezuela, December 16, 1961.
jfk_00645.wav|to come to your country on my first visit as President of the United States to one of our sister republics in this hemisphere.
jfk_00646.wav|And I am also proud to be the first President of the United States to visit this country.
jfk_00647.wav|But in a very real sense, I follow in the footsteps of my distinguished predecessor, President Franklin Roosevelt, who devoted so much of his efforts, so much of his talents,
jfk_00648.wav|to binding together the countries of this hemisphere who are united by nature and united in their common aspirations.
jfk_00656.wav|And I hope in the time that we are here that I will benefit from his counsel and advice.
jfk_00657.wav|Mr. President, Mrs. Kennedy and I are delighted to be your guests, and we're proud to be here among your people.
jfk_00659.wav|The President's greetings to Secretary of State Rusk upon the Secretary's arrival from the Punta del Este conference.
jfk_00665.wav|and to the members of Congress who accompanied him, who represented us all.
jfk_00667.wav|And my strong conviction is that as a result of this meeting, and as a result of the efforts of the delegation, this system has been strengthened.
jfk_00668.wav|And I think communism has been isolated in this hemisphere, and I think the hemisphere can move onward to progress.
jfk_00669.wav|So Mr. Secretary, members of the Congress, we thank you and welcome you home with great appreciation.
jfk_00670.wav|REMARKS OF THE PRESIDENT UPON RECEIVING A TYPEWRITER WHICH BELONGED TO PRESIDENT WILSON FROM THE FISHROOM OF THE WHITE HOUSE, FEBRUARY 6, 1962.
jfk_00672.wav|things which were associated with our presidents, he thought that we should, suggested that we might get in touch with the Red Cross and see if they'd be willing to turn it back to the White House.
jfk_00673.wav|I called General Grunther, and he informed me that the typewriter belonged to the Grayson family.
jfk_00675.wav|I think it was in the White House during President Wilson's administration, and it was sold, I understand, from Professor Link,
jfk_00676.wav|during the Harding administration as surplus, and became the possession of Admiral Grayson, who had been associated with President Wilson, and has continued to be a valuable possession of the Grayson family.
jfk_00677.wav|The Grayson family were very generous enough to agree to have it come to the White House, and we're most indebted to them because we know what a valuable source of satisfaction it was to them because of the association with their
jfk_00679.wav|So we're very appreciative to them and we're very glad to have this come to the White House.
jfk_00680.wav|It was on this typewriter that he typed his 14 points and other messages.
jfk_00681.wav|We're going to put it on exhibit here at the White House so that the million people who come every year can see it because it reminds us of a distinguished president and of this distinguished role he played in the life of our country.
jfk_00683.wav|members of the family, General Grunthal, the Red Cross, Mr. Lawrence for reminding us of this.
jfk_00684.wav|That's a link to his valuable works on the life of President Wilson.
jfk_00685.wav|And this is... My wife has collected everything and this is my... This is the only thing I've produced.
jfk_00687.wav|REMARKS OF THE PRESIDENT TO THE COMMUNICATIONS WORKERS OF AMERICA FROM THE ROSE GARDEN OF THE WHITE HOUSE, FEBRUARY 14, 1962.
jfk_00688.wav|I want to welcome you all here this morning.
jfk_00689.wav|It's a great source of satisfaction to me.
jfk_00690.wav|I am an old friend of your President's, Joe Byrne.
jfk_00693.wav|And so we've, I don't know whether we'd win that today.
jfk_00694.wav|But I do also want to welcome you because yours is an outstanding union.
jfk_00695.wav|And I am a great believer in the contribution which the union movement can make, not only in this country, in maintaining a progressive economy, but also the contribution which the union movement can make around the world.
jfk_00698.wav|I know that you're here in Washington taking part in one of the most important assignments
jfk_00699.wav|which faces your union to make a determination on what you should do in regard to collective bargaining.
jfk_00701.wav|I want to commend you for the responsible way that you are moving towards your assignment.
jfk_00702.wav|We are all concerned commonly with advancing the public interest.
jfk_00703.wav|You have a responsibility towards your members and towards the country.
jfk_00704.wav|And I'm sure that you're going to meet your responsibility to both of these
jfk_00705.wav|to your people and to all the American people in maintaining our economy in a way which protects our people and makes it more possible for them to participate more fully in our lives here.
jfk_00708.wav|I welcome you here individually and also because you represent an outstanding American organization and also because of your distinguished president, who I regard as one of
jfk_00711.wav|The President's Remarks to a Group of Foreign Educators from the Rose Garden of the White House, February 16, 1962.
jfk_00712.wav|Ladies and gentlemen, I want to say that how proud we've been that you chose to come to this country to examine our educational system.
jfk_00713.wav|And I'm sure that you taught us during your visit here more than you learned.
jfk_00714.wav|There is, I know, a great tendency in every country, including my own, to consider education important, but perhaps not so vital.
jfk_00715.wav|We are so concerned in so many parts of the world with the problems that are coming today, next year, and the year after.
jfk_00716.wav|And it does take five or 10 or 15 years to educate a boy or girl
jfk_00717.wav|And therefore, there is a tendency to concentrate available resources on the problems we face now and perhaps ignore what the potentialities and capabilities will be of our people 10 or 15 years from now.
jfk_00718.wav|Thomas Jefferson once said that if you expect a people to be ignorant and free, you expect what never was and never will be.
jfk_00719.wav|And from the beginning of this country, in order to maintain a very difficult discipline, which is self-government,
jfk_00721.wav|My own feeling is we have to do better, not only in quantity, but also in quality.
jfk_00722.wav|And I'm hopeful that we can develop in this country a cult of excellence in regard to education and intellectual development, which will make this country more equipped to meet its problems.
jfk_00726.wav|Our educational system has represented the devoted effort of our citizenry,
jfk_00730.wav|And we hope that when you go home, you will be able to communicate to them
jfk_00731.wav|not only things that you may have liked here or disliked, but also a sense of a people desiring to improve themselves and their country.
jfk_00733.wav|Remarks of the president upon the successful flight of astronaut Glenn.
jfk_00736.wav|great happiness and thanksgiving of all of us that Colonel Glenn has completed his trip, and I know that this is particularly felt by Mrs. Glenn and his two children.
jfk_00737.wav|A few days ago, Colonel Glenn came to the White House and visited me, and he was, as are the other astronauts, the kind of American of whom we are most proud.
jfk_00738.wav|Some years ago, as a Marine pilot, he raced the sun across this country and lost, and today he won.
jfk_00739.wav|I also want to say a word for all those who participated with Colonel Glenn at Canaveral.
jfk_00741.wav|The burdens upon them were great, but they kept their heads and they made a judgment, and I think their judgment has been vindicated.
jfk_00744.wav|But this is the new ocean, and I believe the United States must sail on it and be in a position second to none.
jfk_00745.wav|Some years, months ago, I said that I hoped that every American would serve his country.
jfk_00746.wav|Today, Colonel Glenn served his, and we all express our thanks to him.
jfk_00747.wav|EXCERPTS FROM A SPECIAL CONSUMER MESSAGE TO CONGRESS Read by the President to Newsmen in the Fishroom of the White House, March 15, 1962.
jfk_00748.wav|I have sent to the Congress today a special message on protecting the consumer interests.
jfk_00750.wav|All of us deserve the right to be protected against fraudulent
jfk_00751.wav|or misleading advertisements and labels, the right to be protected against unsafe or worthless drugs and other products, the right to choose from a variety of products at competitive prices.
jfk_00752.wav|But modern living is so complex that the present laws on the statute books are inadequate to secure these rights.
jfk_00753.wav|Thousands of common household items contain potentially harmful substances.
jfk_00755.wav|New chemicals are being added to our food or sprayed on crops.
jfk_00756.wav|90% of the prescriptions written today are for drugs which were unknown 20 years ago.
jfk_00757.wav|Unless the housewife is an expert dietician, mathematician, chemist, and mechanic, she cannot properly and economically run her house and shop for her family.
jfk_00761.wav|And I have asked the Congress, first of all, for strengthened regulatory authority over foods, drugs, and cosmetics.
jfk_00762.wav|Since 1913, an act of the Congress has protected hogs, sheep, and cattle against the marketing of worthless drugs.
jfk_00763.wav|It is time that we gave men, women, and children the same protection.
jfk_00764.wav|New drugs are being placed on the market every day without any requirement
jfk_00765.wav|of advanced proof that they will be effective in treating the conditions for which they are recommended.
jfk_00766.wav|Over 20% of the new drugs available since 1956 were found to be incapable of bearing out one or more of their sponsors' claims on what their effect would be.
jfk_00767.wav|This means that people are not only wasting their money, but are also suffering needlessly.
jfk_00768.wav|Similarly, $2 billion worth of cosmetics are sold every year
jfk_00769.wav|without any requirement that they be tested for safety.
jfk_00770.wav|And as a result, thousands of women have suffered burns and other injuries to the eyes, skin, and hair.
jfk_00771.wav|A fifth of all the meat we now eat is not inspected by the Department of Agriculture.
jfk_00772.wav|And extensive underground traffic exists in habit-forming barbiturates and stimulants, drugs which could often be sold by a simple common name
jfk_00773.wav|are too often sold by complex scientific names which confuse the purchaser and raise the price.
jfk_00774.wav|All of these problems are covered by my recommendations to the Congress today.
jfk_00776.wav|to be capable of receiving 70 ultra-high frequency channels, as well as the 12 VHF channels, and laws to tighten up our safeguards against monopolies and mergers, which injure the consumer's interest.
jfk_00777.wav|None of these recommendations are very costly, but I believe that they can be immensely important to the well-being of every American family.
jfk_00778.wav|The President's Remarks on Physical Fitness from the South Lawn of the White House, Washington, D.C., March 30, 1962.
jfk_00779.wav|I welcome this opportunity to speak to the people of America about a subject which I believe to be most important, and that is the subject of physical fitness.
jfk_00780.wav|And I speak not only as President of the United States, but also as a parent of two children,
jfk_00781.wav|who I hope will grow up with those qualities of vigor and energy which we identify with the best of America.
jfk_00783.wav|A country is as strong really as its citizens, and I think that mental and physical health, mental and physical vigor, go hand in hand.
jfk_00784.wav|I hope that we will not find a day in the United States when all of us are spectators except for a few who are out on the field,
jfk_00787.wav|Our citizens are living longer, and we want them to participate fully in that longer life.
jfk_00789.wav|give some of their time and some of their effort to maintaining that vitality.
jfk_00791.wav|in the life around us, and in so doing will be better citizens and happier ones.
jfk_00792.wav|This is a challenge for us all, children, boys and girls, college students, mothers and fathers, and all of us, I think, should welcome it.
jfk_00793.wav|I hope all of you will join in a great national effort to build a strong and better America through physical effort and through the contributions we can make by the drive and force we bring to our daily lives.
jfk_00795.wav|The President's remarks to the representatives of the Agricultural Stabilization and Conservation Committee from the South Lawn of the White House, Washington, D.C., April the 4th, 1962.
jfk_00796.wav|Mr. Secretary, Undersecretary, Assistant Secretary, Senator Jensen, ladies and gentlemen,
jfk_00797.wav|I want you to know that we're planning to grow wheat, corn, livestock.
jfk_00800.wav|And to first, I want to express what I think is the appreciation of all those who are concerned about the welfare of the farmers to our distinguished secretary, who has worked, I think, tirelessly, even though he may not
jfk_00801.wav|have always proposed programs, which every farmer agrees with.
jfk_00802.wav|I think every farmer does agree that they have now a secretary of agriculture who is committed to their progress.
jfk_00804.wav|Which is a. Well, I won't say I do want to also tell you how pleased I am to welcome you and how much we depend upon you.
jfk_00805.wav|This tremendous increase in productivity in American farms, which has been the result of your work and that of your predecessors, is really the most astonishing phenomena, really, in the free world.
jfk_00806.wav|And it has been the most source of the greatest pride and satisfaction to us.
jfk_00807.wav|This is one area where our production really serves as the strongest magnet
jfk_00808.wav|to people all over the world who stand in a crossroads attempting to decide which road they shall travel.
jfk_00809.wav|Our problem is one of overproduction, one of our ability to produce more than we can consume at reasonable prices.
jfk_00811.wav|And where we have a world in which in so many areas, 50, 60, or 70, or 80% of the people in every nation are committed to the growth of food, this is bound to have the most impressive effects.
jfk_00812.wav|So that when we talk about agriculture, we should talk about it with pride and not always talk about it as one of our great problems or burdens.
jfk_00813.wav|It's really one of the great success stories of the United States and really of the whole free world.
jfk_00814.wav|In addition, we have to recognize that with this great success story, there has come special responsibilities upon us as a people.
jfk_00815.wav|The federal government, after all, is not an organic entity itself, but it is the common interest of all the people.
jfk_00816.wav|And therefore, we are concerned because we depend upon the farmers as consumers, the farmers themselves who work long and hard, as you know better than anyone, must be assured for their labor of an adequate return.
jfk_00818.wav|Now, we have to attempt within our governmental policies
jfk_00819.wav|to provide an adequate balance between supply and demand.
jfk_00820.wav|If the government should withdraw its efforts, as some people favor, then there would be a collapse of farm prices, as we saw in the 20s, and a disaster would follow from the farms to the cities.
jfk_00821.wav|If the federal government's policies are merely ineffective, we will have the surpluses piling up, the tremendous cost to the taxpayers, until ultimately the people who live in other sections of the country will grow tired and weary.
jfk_00822.wav|and will refuse to support to agricultural policies that promise no solution.
jfk_00824.wav|We depend upon you to help us achieve that balance, which is most difficult.
jfk_00827.wav|The farmers paid a heavy cost in that failure.
jfk_00828.wav|We're attempting to meet a problem which is difficult, which is challenging, but nevertheless a problem which I think we can meet.
jfk_00829.wav|And as I say, while you are prohibited by custom and law quite rightly from
jfk_00830.wav|involving yourself in any particular agricultural program or recommending it or lobbying it.
jfk_00831.wav|Nevertheless, we do value very highly the communication which goes from here to you, because you are our most direct link with the farmers themselves, and you are all farmers, and also what comes from you to us.
jfk_00832.wav|Your help last year in the feed grain program was greatly appreciated.
jfk_00833.wav|It helped to ensure its success, and we are therefore particularly glad that in the spring
jfk_00834.wav|which is the great time of the year for farmers that you've come to Washington for two days to exchange your views with the secretary.
jfk_00835.wav|I hope it will be an exchange, not merely from us to you, but from you to us, because we live in a rather isolated area.
jfk_00836.wav|It's not a particularly agricultural center here in Washington, and we depend upon you to tell us what farmers are thinking, not merely we hear through their organizations and the leaders of their organization, but what they themselves are thinking.
jfk_00838.wav|We hope you'll also see the members of Congress and acquaint them and the Senators.
jfk_00840.wav|I want to tell you again how glad that we are to welcome you here.
jfk_00841.wav|I see some familiar faces, and I hope you'll go back from Washington and tell the farmers of America that we are genuinely concerned about their progress, that our efforts are genuinely directed
jfk_00843.wav|And the Secretary of Agriculture represents the farmers in this administration.
jfk_00845.wav|Remarks of the President at cornerstone laying ceremonies at the new Rayburn office building from Capitol Hill in Washington, D.C., May 24th, 1962.
jfk_00846.wav|I thank you, Mr. Speaker, Mr. Chief Justice,
jfk_00847.wav|Members of the House and Senate, I appreciate very much the opportunity to join you in dedicating this building today to Speaker Sam Rabin.
jfk_00848.wav|We say in this country that ours is a government of laws, not of men.
jfk_00849.wav|And it is in the sense that we strive for equality and integrity in the administration of our government and of justice.
jfk_00851.wav|And it needs men of particular talents to make this system of ours work.
jfk_00852.wav|Our founding fathers, concerned about the centralization of authority, which they were revolting against, wrote very careful safeguards, checks, and balances into the American constitutional system.
jfk_00853.wav|This provides great protection for individual liberty and rights, but it also places a heavy burden upon the men and women who must make this system operate.
jfk_00855.wav|Executive, the Congress, the courts, the divisions between the national government and the state government requires the greatest harmony between the various bodies if our system is to function effectively.
jfk_00856.wav|Sam Rayburn understood this perhaps as well as any man in the history of our country.
jfk_00857.wav|Presidents of both parties pay equal tribute to him.
jfk_00859.wav|Nevertheless, he saw in a larger sense the necessity for harmonious relations between the various branches of the government.
jfk_00862.wav|This was his great skill and his lasting contribution, and I think sets the most powerful example before us all.
jfk_00863.wav|This ceremony, this edifice, this assemblage of public servants from all branches of the government, all states and all parties, pay homage to the memory of Speaker Sam Rabin.
jfk_00865.wav|would please him half so much, I believe, as to have his name preserved here in this fashion on Capitol Hill.
jfk_00866.wav|The Congress was his life, the House was his home, and he not only served it far longer than any who preceded him, but with distinction and wisdom as well.
jfk_00867.wav|He preferred to preside over the sessions of this body to any other place of prestige or power, and as a former member of the House of Representatives,
jfk_00868.wav|I join with all of you in saying that while he may be long missed, he will not be forgotten, and our task is to carry on the work to which he was so deeply dedicated.
jfk_00869.wav|Remarks of the President to the National Senior Citizens from the Rose Garden of the White House, May 26, 1962.
jfk_00870.wav|My old friend and colleague, Congressman Farrand, ladies and gentlemen, I want to welcome you to the White House and tell you how much we appreciate the support that you have given our efforts to provide medical care for the aging.
jfk_00871.wav|I believe that we are going to be successful, as I said last Sunday, if not this year.
jfk_00872.wav|And I believe that we have a very good prospect of being successful this year, then certainly next year.
jfk_00874.wav|that we should attempt to secure the passage of this most important legislation.
jfk_00875.wav|It will serve our citizens as effectively as Social Security is serving.
jfk_00877.wav|This is in the interest of our senior citizens and all those who will someday
jfk_00879.wav|In addition, it serves their children, your children, and others upon whom the burden of medical care falls most heavily.
jfk_00880.wav|This is a matter which affects our entire population, and with the long and distinguished record of service which the Social Security system has rendered, I believe that we have an opportunity in our time to build that edifice even more strongly.
jfk_00882.wav|And we are opposed by those who have opposed, in other days, progress.
jfk_00884.wav|And when we are, a good deal of the obligation for that success, a good deal of the thanks for that success, will rest with Congressman Farran and with all of you.
jfk_00885.wav|So we're very glad to have you here at the White House and to tell you how welcome you are.
jfk_00886.wav|The president's remarks to a group of high school seniors from Michigan
jfk_00887.wav|From the South Lawn of the White House, June 21, 1962.
jfk_00889.wav|And I must say, I don't think that there's any group of high school students who've been more welcome in Washington and welcome here at the White House.
jfk_00890.wav|Is Duane Richardson, I understood, that this young man may have come with you?
jfk_00891.wav|Duane, we're glad to see you.
jfk_00893.wav|We're particularly glad to welcome you for, I think, the reasons that you know.
jfk_00895.wav|Because all the things that we hope you might learn, all the lessons that a trip to this capital, this very old house
jfk_00896.wav|might have taught you, I think you learned in your own hometown, in your own school.
jfk_00898.wav|And I do think that it demonstrates that on occasions, and more occasions perhaps than we think, acts of generosity and consideration bring back returns many more times.
jfk_00901.wav|You can't possibly move through Washington without getting a greater sense of
jfk_00904.wav|And one day when Jackson was out walking, he put his cane down, said, this is where we're going to build the treasury.
jfk_00905.wav|Washington's full of these very close contacts with the past.
jfk_00906.wav|And all the people that you've read about in your history books, Lincoln and the Adams and Monroe and Wilson and Roosevelt and Eisenhower, Truman, all the others, all lived here and all participated in making this country greater.
jfk_00908.wav|And I hope that this will only be the first of many trips, that some of you will come and work in Washington.
jfk_00909.wav|Others will think of how you can serve your own hometown and your state.
jfk_00911.wav|So we're glad to have the best resource this country has, all of you.
jfk_00912.wav|And we're particularly glad to have had a chance to welcome you here.
jfk_00913.wav|I first heard about this when Senator Hart made a speech on the floor of the Senate.
jfk_00914.wav|Ken Heckler, who doesn't even come from Michigan, nor do I, he said that how important this effort was.
jfk_00919.wav|Remarks of the President at the Independencia Urban Housing Development in Mexico City, June 30, 1962.
jfk_00923.wav|I want to express my warm appreciation to the distinguished director for being kind enough to invite us here this morning.
jfk_00925.wav|I want to compliment the members of the council, the director, and the architect, and all of you, for how beautifully this project has been put together.
jfk_00927.wav|which are as important to the concept of the home as the roof itself.
jfk_00929.wav|however vital it may be, does not reach its full significance until there is also economic participation in the life of the country by the people themselves.
jfk_00930.wav|Housing, education, jobs and security go hand in hand with the real concepts of political equality and freedom.
jfk_00932.wav|This hemisphere must understand if we are going to accomplish the goals of Alianza Para El Progreso, a great movement forward by the people of this hemisphere.
jfk_00935.wav|Remarks of the President after the Medical Care for the Aged Bill was defeated by the Senate.
jfk_00937.wav|The medical care for the aged bill was defeated in the United States Senate.
jfk_00938.wav|A switch of two votes in the Senate would have provided, I believe, for its passage.
jfk_00943.wav|All those Americans who have parents, who are liable to be ill, and who have children to educate at the same time, mothers and fathers in their 30s and 40s, I believe they've suffered a serious setback.
jfk_00944.wav|In 1960, with Senator Anderson, I introduced the medical care for the aged.
jfk_00945.wav|A change of four votes in the Senate in 1960 would have provided for its passage.
jfk_00947.wav|I think the American people are going to make a decision in November as to whether they want this bill and similar bills to be passed or whether they want it to be defeated.
jfk_00948.wav|Nearly all the Republicans and a handful of Democrats joined with them to give us today's setback.
jfk_00952.wav|We have to decide, the United States in 1962, in November in the congressional elections, whether we want to stand still or whether we want to support this kind of legislation for the benefit of the people.
jfk_00954.wav|I hope that we will return in November a Congress that will support a program like medical care for the aged.
jfk_00955.wav|a program which has been fought by the American Medical Association and successfully defeated.
jfk_00956.wav|This bill will be introduced in January 1963.
jfk_00958.wav|With your support in November, this bill will pass in 1963.
jfk_00959.wav|Remarks of the President upon the arrival of President Arrozamena of Ecuador.
jfk_00962.wav|Mr. President, it is a great honor to welcome you and Senor Arismanier and your son and daughter here to the United States again.
jfk_00963.wav|It's a great source of satisfaction to us that you know our country well, having served here at the embassy of your country in the late 40s, and since that time having maintained
jfk_00965.wav|It is a great pleasure to welcome you here as president of your country.
jfk_00967.wav|We are aided in this by your knowledge of the United States.
jfk_00968.wav|Your wife has been quoted as having said that you could name all the presidents of the United States in order, which not even some presidents of the United States can do.
jfk_00969.wav|So we are delighted to have someone who knows our country as well as this come here.
jfk_00970.wav|But we are also anxious, as a result of your visit, that the people of this country know your country, that they recognize how linked as we are by nature,
jfk_00972.wav|So, Mr. President, you come at a most opportune time, and you are most welcome.
jfk_00973.wav|This country has committed itself, along with Ecuador and our sister republics, to a great alliance for progress.
jfk_00974.wav|which is a common effort by all of us to provide a decent life for the people of our hemisphere, an opportunity to work, be educated, to find jobs, to find security.
jfk_00976.wav|And I want you to know, Mr. President, that this government, and certainly I as president, are doing everything to provide for a realization of these ideals.
jfk_00977.wav|It will take time, but time is not necessarily our friend, so I think it's very appropriate
jfk_00978.wav|you should come here and we should consider together how best we can make this hemisphere an inspiration for all those who wish to be free.
jfk_00979.wav|Mr. President, you're most welcome here back to the United States, back to Washington, and we're especially glad that you are accompanied by not only Signora, but also by two distinguished future citizens of your country.
jfk_00981.wav|The President's Remarks Upon Signing the Foreign Aid Bill, from the President's Office in the White House, August 1st, 1962.
jfk_00982.wav|I am today signing S.
jfk_00984.wav|In enacting this legislation, members of the Congress of both parties have again demonstrated their understanding that it is our national obligation and in our national interest and security
jfk_00985.wav|to work for a world in which there is a chance for national sovereignty and national independence.
jfk_00986.wav|This matter of foreign assistance has been outside of the party dialogue since 1947 when the program began.
jfk_00987.wav|And while it is a matter which has caused a good many members of the Congress and the executive branch a good deal of difficulty in the political sense, members of both sides have risen
jfk_00988.wav|to their greater responsibility, which is the security of the country.
jfk_00989.wav|I cannot emphasize sitting in this position where I sit how important this bill is.
jfk_00990.wav|It provides military assistance to countries which are on the rim of the communist world and under direct attack.
jfk_00991.wav|It provides economic assistance to those governments which are under attack from widespread misery and social discontent which are exploited by our adversaries.
jfk_00992.wav|And this permits us to speak with a much stronger and more effective voice
jfk_00994.wav|So that the very clear identification with our national security has been recognized by President Truman, President Eisenhower, and I can emphasize how strongly I recognize it.
jfk_00995.wav|In Latin America, where they have staggering problems, Africa and Asia, where many events are encouraging to us, it would be a great mistake and a great loss if we fail to carry on this program this year.
jfk_00996.wav|I recognize that many of our fellow citizens disapprove it, but I really believe that that's because they do not recognize how closely tied in it is to our national interest.
jfk_00999.wav|And yet I put the two side by side, and in many areas, this is the most important because it assists those countries which are directly under the gun.
jfk_01000.wav|So I want to express our appreciation to members of both parties who are here.
jfk_01001.wav|As I say, this is a matter which has been kept out of the political dialogue and will continue to be so as far as I'm sure all of us are concerned because it's in the interest of our country.
jfk_01002.wav|And I express my thanks to all those who participated in the passage of this bill.
jfk_01004.wav|President's remarks to a group of Native Alaskans upon their graduation as electronics engineers.
jfk_01006.wav|Senator Greening, Stuart, and Commissioner Nash, I want to express a very warm welcome to all of you here today.
jfk_01007.wav|I think that the program is as effective and can be as useful to our country and to the citizens of Alaska as Senator Greening has suggested.
jfk_01008.wav|And he is second to no man in suggesting flexibility in the Budget Bureau when it comes to the interests of Alaska.
jfk_01009.wav|I want to tell you how impressed I've been to read about your effort in coming and studying for 18 months.
jfk_01010.wav|It's an extremely complicated and sophisticated subject to which you've devoted your attention.
jfk_01012.wav|But I think that it's very appropriate that those of you who are accustomed to live in these far-off parts of our country should go back there.
jfk_01014.wav|The salaries which you will get will make it very possible for you to support yourselves and your families.
jfk_01015.wav|The amount of money which the United States government advances for this cause will be repaid many times over.
jfk_01016.wav|We will have a continuity of service which we would not have under ordinary conditions.
jfk_01017.wav|You'll be able to spend a good many years working on this very valuable part of our national defense.
jfk_01020.wav|I think it can pay us dividends, can pay Alaska dividends, and most of all the people who are directly involved.
jfk_01022.wav|We hope that you are the forerunner of an army of increasingly talented and useful citizens.
jfk_01023.wav|I hope that Alaska will emphasize not only for those who may be Eskimo or Indians, but also for all the citizens the advantages of highly technical training.
jfk_01025.wav|The future for Alaska lies in that kind of advanced educational opportunity for its citizens.
jfk_01028.wav|And also, I commend the Interior Department for its work and Commissioner Nash.
jfk_01030.wav|President's remarks to the Interlochen National High School Orchestra at the Children's Concert
jfk_01032.wav|I want to welcome you all to the White House and particularly welcome this distinguished symphony orchestra.
jfk_01033.wav|These young ladies, gentlemen, I think approximating nearly 100, are the survivors of a very difficult and intensive competition stretching nearly between 1500 and 1600
jfk_01034.wav|of their contemporaries who also took part in this study of music, and the best were chosen to come here to Washington.
jfk_01035.wav|This is a most distinguished school, turning out some of our best musicians.
jfk_01037.wav|They're going to play some, I think, songs written by Americans and also by others from around the world.
jfk_01038.wav|It shows the very strong international nature of the arts, particularly of music.
jfk_01039.wav|I know that there is some feeling by Americans that the arts are developed in solitude, that they are developed by inspiration and by sudden fits of genius.
jfk_01040.wav|But the fact of the matter is that success comes in music or in the arts, like success comes in every other form of human endeavor, by hard work, by discipline, over a long period of time.
jfk_01041.wav|Every musician here, every musician in the United States, every musician in the world plays after months and years of the most painstaking work, the kind of discipline which most people cannot endure.
jfk_01042.wav|So that I hope when you see them that you realize that they are not playing merely because they happen to have a natural talent, but they are playing because their natural talent was developed by their own sense of discipline.
jfk_01044.wav|We're glad to have them here because I think they symbolize a great artistic movement which is so strong in the United States.
jfk_01045.wav|There are over 33 million Americans who are interested in music, interested in other forms of art.
jfk_01048.wav|I was once, when I was younger, was one of those statistics which were thrown around so casually in those days.
jfk_01049.wav|That does not mean that 33 million can play so you would want to hear them, but they play because they want to hear themselves, and perhaps that's the most best form of odd expression.
jfk_01050.wav|33 million in 1,200 orchestras across the United States, and some of those orchestras are the best in the world.
jfk_01051.wav|This tremendous emphasis, which is not induced by the United States government or by the state governments, but by individual desire
jfk_01052.wav|is a form of national endeavor which I think is too little known around the world.
jfk_01053.wav|And I want to, today, in paying tribute to these musicians, to bring to our public mind all the others across this country who themselves are playing and living music.
jfk_01055.wav|Last year, more Americans went to symphonies than went to baseball games.
jfk_01057.wav|But I think that both baseball and the country will endure, and the country will be better off perhaps for it.
jfk_01058.wav|So boys and girls, I want to tell you you're glad to have you here.
jfk_01059.wav|I have other responsibilities, but you certainly keep my door open.
jfk_01061.wav|And I hope that all those who hear you and all those other millions who may know that you're here will be encouraged themselves.
jfk_01065.wav|The President's Remarks on National Rehabilitation Program from the South Lawn of the White House, August the 14th, 1962.
jfk_01066.wav|Very glad to, Mr. Secretary, very glad to welcome here to the White House Mr. and Mrs. Friske from Boswell, Pennsylvania.
jfk_01067.wav|We are saluting today the fact that for the first time in the history of this country, we have reached the target of 100,000 people, disabled people, who are annually rehabilitated.
jfk_01072.wav|It was made permanent during the administration of President Franklin Roosevelt.
jfk_01073.wav|We have given additional funds and additional effort to it in the last year, and we believe it's the kind of program which can produce the most useful results for our country.
jfk_01074.wav|We have here a citizen of the state of Pennsylvania, which has led this year
jfk_01075.wav|in rehabilitating the numbers of people.
jfk_01076.wav|We have a distinguished representative of the 100,000 people, a young man who was injured in a automobile accident most seriously, which affected his means of livelihood.
jfk_01077.wav|He was retrained as a history teacher, I believe, and now teaches at a school in his home area.
jfk_01078.wav|And it's, I know, a source of satisfaction to him
jfk_01079.wav|that he pays now more to the federal government in taxes than the program cost in retraining him.
jfk_01080.wav|So in the most human sense, this program is most worthwhile.
jfk_01082.wav|And I hope under the determined leadership of our distinguished leader of this program, Dr. Switzer, under the Secretary of Health, Education and Welfare, Mr. Celebrezze,
jfk_01083.wav|with the strong support of the country and the Congress that we can reach our goal of rehabilitating 200,000 of our fellow Americans and making it possible for them to begin a new life.
jfk_01084.wav|So we're glad to have you here, sir, as a representative of a good many other citizens.
jfk_01085.wav|And we're very proud of what you've done and your wife and your son.
jfk_01087.wav|Would you like to say just a word about the program?
jfk_01089.wav|Well, I could say this, that I want to thank the Bureau very much for all they had done for me.
jfk_01090.wav|and for this privilege of repaying what they have done.
jfk_01094.wav|He teaches drivers, you know, safety driving too.
jfk_01096.wav|The President's remarks to students of the Coast Guard Academy after inspection of the OSS Eagle from the Navy Yard Annex in Washington, D.C.
jfk_01099.wav|As a sailor on one of the ships of the Coast Guard this weekend, I realize how important and significant this operation which you carried out today is.
jfk_01100.wav|I'm not sure there are many other Americans who could climb that rigging and unfurl those sails in good times and in bad times.
jfk_01101.wav|I think that the American people have been too long unaware of the
jfk_01103.wav|When I was a member of the Congress, I had an opportunity to make an analysis of the kinds of examinations which are given to cadets entering the Coast Guard.
jfk_01106.wav|Academically, the Coast Guard is certainly second to none of its sister academies of the Navy, the Army, and the Air Force.
jfk_01108.wav|And there is not anyone who has sailed any of our lakes or oceans who has not at one time or another been the beneficiary of the faithful service of the Coast Guard.
jfk_01109.wav|This is a very ancient service in our country's history.
jfk_01112.wav|A number of Eagles have followed since, and we are glad today to visit the most recent.
jfk_01113.wav|This is the oldest continuous seagoing service in the United States, stretching back to the beginning of our country.
jfk_01114.wav|So I want all of you who are cadets to know how proud we are of you.
jfk_01115.wav|I hope that you and your fellow Americans realize how vital this service is.
jfk_01116.wav|You serve our country, as I've said, in peacetime and ice patrols and weather patrols, in protecting the whole standards of the merchant marine, in protecting safety at sea.
jfk_01117.wav|And in time of war, you with the American Navy, as you did in World War II and at the time of Korea,
jfk_01118.wav|defend our coast by defending the outermost reaches of our approaches to our country.
jfk_01121.wav|well grounded in seamanship, the sciences and the amenities, and strong in the resolve to be worthy of the traditions of the commissioned officers in the United States Coast Guard in the service of their country and humanity.
jfk_01122.wav|This mission has been faithfully carried out, and I'm delighted that we have a chance to see today the high quality of the cadets.
jfk_01123.wav|The words I like best in this very important mission is to graduate men with a liking for the sea.
jfk_01124.wav|And I know that all of you share the great affection we have for that ever-changing ocean upon which we so much depend.
jfk_01125.wav|Gentlemen, I've been informed that this constitutes a visit to the Coast Guard Academy, which I look forward to making, and therefore taking advantage of my prerogatives as a Commander-in-Chief, I want to
jfk_01126.wav|exempt with the permission of the Superintendent, the Commandant, the Secretary of the Navy, of the Treasury, and various others.
jfk_01127.wav|We want to exempt all of you from any penalties which you may now carry with you, and to tell you that we're proud of you and wish you many years of service in the Coast Guard and the service of our country.
jfk_01128.wav|Remarks of the President upon arriving Castle Air Force Base, California, August 17, 1962.
jfk_01129.wav|Thank you, General, members of the Honor Guard, and officers and men stationed at the base, and the members of their family.
jfk_01130.wav|I want to express on behalf of us all our very warm thanks to you for a generous reception, to the Governor, the Senators, members of the Congressional delegation.
jfk_01131.wav|We have come from Washington this morning to Pierce, South Dakota, to take part in the dedication of the largest dam of its kind in the world.
jfk_01132.wav|to Pueblo, Colorado, to take part in a celebration of the beginning of one of the most unusual water developments in the United States.
jfk_01133.wav|And I come here now to take part with the people of California in a great, tremendous water development which can mean so much to this state.
jfk_01134.wav|What makes all this possible, this tremendous national development, of course, is in part the work of the men who are stationed at this Air Force Base.
jfk_01136.wav|So though these planes may be here, and the men who man them may be living in your community, in your town,
jfk_01137.wav|It is they and others like them and those who have gone before and those who will come after that keep the peace and protect our security and permit us to develop our resources and train our people and educate our children.
jfk_01139.wav|And I know in expressing my appreciation to you for your welcome here, I express the thanks of the people of the United States to the men who serve here.
jfk_01141.wav|The President's Remarks to the Participants in the White House Seminar of Summer Government Interns from the South Lawn of the White House, August the 28th, 1962.
jfk_01142.wav|I want to, somewhat belatedly, I want to welcome you all to the White House.
jfk_01143.wav|I assume that you're all not only older, since we've last met, but also wiser.
jfk_01144.wav|And I hope that this summer's work has been useful to you in whatever you do.
jfk_01145.wav|and that some of you will be tempted to come back to Washington and work with us.
jfk_01146.wav|I wonder if we could ask how many have become interested in either becoming a politician or a civil servant or a bureaucrat as a result of this summit.
jfk_01148.wav|What about the rest of you?
jfk_01153.wav|And that tree over there was planted by John Adams.
jfk_01154.wav|So I think that just visiting this historic house and these grounds does bring you in more intimate contact with American history.
jfk_01155.wav|You've heard a good many Americans who occupy positions of responsibility this summer.
jfk_01159.wav|And it is certainly the most extraordinary written constitution in the history of the world.
jfk_01162.wav|After all, the Constitution was written for an entirely different period in our nation's history.
jfk_01165.wav|It was written at a time when there were 13 different units which had to be joined together, and which, of course, were extremely desirous of limiting the central power of the government.
jfk_01168.wav|the general welfare and due process and all the rest, had to be interpreted by men and had to be made to work by men.
jfk_01169.wav|And it has to be made to work today in an entirely different world from the days in which it was written, both at home and abroad.
jfk_01170.wav|I am always struck by the fact that the United States, which has had so many gifted political leaders, that in the days before the war, beginning in 1860 and 1861,
jfk_01171.wav|that we had for a period of 30 years in the Congress, the most extraordinarily gifted figures that we've had in our history.
jfk_01172.wav|Calhoun, Clay, Douglas, and Benton, and all the rest.
jfk_01173.wav|And yet they dwelled in their whole life, and many of them stayed in the Congress for a generation, with only three or four problems.
jfk_01174.wav|Tariffs, states' rights and the new states coming in, slavery, currency, and two or three others.
jfk_01175.wav|And yet this extraordinarily gifted group of men have failed.
jfk_01177.wav|Now, perhaps our political leaders may not be so gifted.
jfk_01178.wav|And yet they deal with questions which are far more complex than the questions which came across the desks of our people a century ago.
jfk_01180.wav|We deal with questions which are esoteric balance of payments, nuclear tests, the mix of our strategic weapons.
jfk_01182.wav|And yet this country must make not only our society work, but all those societies which are dependent upon us.
jfk_01183.wav|This is an extraordinary obligation which presses upon those who hold positions of responsibility in the national government today.
jfk_01184.wav|And where these rather towering figures of a century ago failed in dealing with a relatively few and in a way obvious questions with which they had to deal, now the questions which come across our desk
jfk_01185.wav|and therefore really, in a sense, the desk of every citizen, every active voter, growth in complexity and in significance and importance, all that went then.
jfk_01186.wav|So that's why I urge those of you who have touched the government in one department or another to think of coming back.
jfk_01187.wav|I know perhaps a generation ago, or even 10 or 15 years ago, a government career was regarded as a sense for those who wanted the more secure and steady life.
jfk_01190.wav|And while the compensation may not be as great, the immediate financial compensation
jfk_01193.wav|Those of you who cannot will choose some other way of serving the general interest.
jfk_01194.wav|For the next 10 or 20 years, the burdens will be placed completely upon our country for the preservation of freedom.
jfk_01195.wav|We stand in the center, and we are associated with allies.
jfk_01196.wav|We are associated with those who are neutral, but who are friendly to us.
jfk_01198.wav|But all depends upon the keystone, which is the United States.
jfk_01199.wav|And that is a sober responsibility for a country which 20 years ago prided itself on its long isolationist and neutralist tradition.
jfk_01201.wav|Woodrow Wilson once said that every man sent out from university should be a man of his nation, as well as a man of his time.
jfk_01202.wav|And those of you who had the advantage of college educations and work here, I think, can represent the best kind of civil servant or politician.
jfk_01204.wav|And I wouldn't want anyone to sit on the sidelines today when so much goes on in the mainstream.
jfk_01207.wav|Would you count anyone a friend of freedom who stands aside today?
jfk_01208.wav|So I hope that you come in and join us because the water is not too cold.
jfk_01210.wav|The President's remarks to the Scholar Cantorum Choral Group of the University of Arkansas from the Rose Garden of the White House, September 4th, 1962.
jfk_01211.wav|Senator Fulbright, Ambassador,
jfk_01212.wav|Members of the Congress from Arkansas, and ladies and gentlemen, I want to express our great appreciation to all of you.
jfk_01214.wav|cooperation with your fellows under the direction of a very distinguished leader, that all this was made possible by your efforts, by the University of Arkansas, and by the efforts of the people of Arkansas who arranged to send you overseas.
jfk_01215.wav|As Senator Fulbright said, when the National Cultural Center is finally built, it will be possible for us to organize, I think, contests of groups from all parts of the country who can come to Washington, and then the winner can be selected and sent abroad.
jfk_01216.wav|with the support of the people of the United States to the United States government.
jfk_01218.wav|And I think probably our greatest debt goes really to Italy, from which so much of our inspiration for music has come.
jfk_01219.wav|So I think this close link between Arkansas and ancient Italy, between all of you who represent our best talent, I think is a very heartwarming evidence of the great ties that bind the Western world.
jfk_01221.wav|I think that the people of Arkansas must be very proud of you, as I am.
jfk_01223.wav|the President's remarks upon arrival at the Houston International Airport in Houston, Texas, September 11, 1962.
jfk_01225.wav|I don't know whether the people of the Southwest realize what a profound effect this whole space program is going to have on this most progressive city and state.
jfk_01226.wav|The scientists and engineers and technology and technicians who are going to be attracted to this great space center can really remake the industrial life of the Southwest United States as we reach towards the moon.
jfk_01228.wav|that this space center should be located here in Houston, here at Rice University.
jfk_01229.wav|A city which has been identified with progress in this state and country.
jfk_01231.wav|And for the time being, I'm glad to be here in Houston to take part in this activity.
jfk_01232.wav|The President's Remarks at the Rich Building of the National Aeronautics and Space Administration in Houston, Texas, September 12, 1962.
jfk_01233.wav|Doctor, Mr. Vice President, Mr. Webb, I want to express my thanks to you for this model, which I will take back to the White House.
jfk_01235.wav|tremendous rocket outside the orbit of the Earth, to send it to the Moon to rendezvous, to go to the Moon's surface, put men on the Moon, to take them off, to rendezvous again, and bring them back to Earth safely.
jfk_01236.wav|And to talk about doing that in the next five or six years indicates how far and how fast we have come, and how far and how fast we must go, and the back of all of the extraordinary scientific and technical accomplishments.
jfk_01237.wav|which must be made to make this possible, of course, are the men who are involved, and particularly those who are at the point of the spear, those who must fly this mission into the most unknown sea.
jfk_01238.wav|So we commend them and all who are associated in putting them there.
jfk_01240.wav|The President's remarks upon arrival at the Harrisburg-York State Airport
jfk_01243.wav|Eighteen months ago, I used to do this six times a day, but I haven't done it for a long time, and we start today
jfk_01244.wav|and most appropriately in Pennsylvania on the fall campaign for 1962.
jfk_01247.wav|And I think we saw today, in the House of Representatives, a very clear indication of why this election is so important.
jfk_01248.wav|We passed in the House of Representatives, by five votes, an agricultural bill which will save this country nearly a half a billion dollars, as well as protect the economic rights of American agriculture.
jfk_01250.wav|a bill of assistance to higher education, and three-fourths of the Republican Party voted against it.
jfk_01252.wav|And that's why I come to Pennsylvania and express the strong hope that you will send back to the United States Senate, Senator Clark, who has represented this state with distinction.
jfk_01253.wav|And that you will elect as Governor, Governor Dilworth, to succeed Governor Lawrence.
jfk_01254.wav|And that you will elect members of the House, the Congress, who will speak for the Pennsylvania and speak for the people.
jfk_01255.wav|I come here and ask your support in an election just as important as any that takes place in 1960 or 64, and that is to select a Congress which will move with the executive in establishing progress in this country.
jfk_01256.wav|Thank you for coming here today, and this is the beginning of a long and important campaign.
jfk_01258.wav|The President's remarks upon receiving a painting from the Army and Air Force National Guard
jfk_01261.wav|General, I want to express my great appreciation to the God, and to the, for this very generous gift to the White House, and to congratulate Mr. Riley.
jfk_01262.wav|I think this is first-class painting, which we'll add materially to the White House, and we'll put it out in the fish room, because I think it should be seen by our visitors.
jfk_01264.wav|They have played a very significant role in all the wars of our country's history.
jfk_01265.wav|World War I, I think they provided over 300,000 men in a number of divisions.
jfk_01268.wav|They were among both in the air and on the ground.
jfk_01271.wav|There are those who argue that we really don't have so much need for a God, that war has changed so materially that we should have an army continuously large enough to meet any conceivable crisis, and that the role of the God is somewhat secondary.
jfk_01273.wav|Crises come and we hope go, and we find ourselves materially stronger, and the power of the
jfk_01274.wav|executive and the Congress is strengthened considerably when we have this large pool of trained manpower who have, by their signing up in the Guard, announced their willingness to serve and be called.
jfk_01275.wav|So that the Guard is undefeated, whether it's on the field of battle or in the halls of Congress, still, and will, I'm sure, continue to maintain that proud tradition.
jfk_01276.wav|I can just assure you that in these very difficult days, that the existence of the Guard, these trained divisions, the air units, as well as the reserves, who also compromised an important segment of our national strength, that they are very valuable and play a most significant role.
jfk_01277.wav|And this battle scene is symbolic, I think, of the civilian preparedness to serve.
jfk_01278.wav|Today our civilians are, because of the God, are better prepared even than those men were, but the same spirit as they are.
jfk_01280.wav|I appreciate those who came over from the Department of the Army and the Air Force who participated in this ceremony, General, because I think it has importance, particularly this month, this fall.
jfk_01281.wav|The president's remarks at the swearing-in ceremony of General Maxwell Taylor as the new chairman of the Joint Chiefs of Staff from the Rose Garden of the White House, October 1st, 1962.
jfk_01283.wav|and representatives of the Marine Corps, also former members of the Chiefs of Staff and former chairman of the Joint Chiefs of Staff who are with us today, General Lemonsir and General Decker.
jfk_01284.wav|It's a great pleasure to have this opportunity to swear in General Taylor as chairman.
jfk_01285.wav|I have worked very intimately with General Taylor, where he has been the military representative of the president, working closely with me as a
jfk_01286.wav|liaison with the Chiefs, who are my official advisors under the laws of the Congress and as a practical matter of fact.
jfk_01287.wav|General Taylor will now assume a responsibility borne with such distinction by General Lemonsir as Chairman of the Joint Chiefs and therefore as Chairman of the Advisory Board to the President on matters affecting the national security.
jfk_01288.wav|I am impressed as President with the succession of distinguished officers who
jfk_01290.wav|And while these men are the leaders of our armed forces, rank after rank, I think we find the same qualities down to the academies at West Point, Annapolis, and at the Air Force.
jfk_01292.wav|Instilled with a strong constitutional sense of the responsibility of the armed forces to the civilian heads, they carry out their duties and also advise in a way which makes it possible for us to fulfill our responsibilities and those more effectively.
jfk_01293.wav|So we're grateful to the armed services and those who, in a number of ways, carry out their responsibilities to their country in all parts of the world.
jfk_01295.wav|The President's remarks upon arrival at the Greater Cincinnati Airport, Cummington, Kentucky, October 5th, 1962.
jfk_01296.wav|I want to express my appreciation to all of you for your willingness to come out and permit us to say a word about this election on November 6th.
jfk_01297.wav|Beginning with this weekend, I shall on every Friday leave Washington and travel around the United States
jfk_01298.wav|in an attempt to secure the election this November of a strong Democratic House and a Democratic Senate.
jfk_01302.wav|And I have spent the last two years on issue after issue
jfk_01304.wav|I hold the view in 1962, with all of the great problems that we have here in the United States at home, that it is vitally important
jfk_01305.wav|that we have an executive branch of the government and a House and a Senate which is committed to progress.
jfk_01306.wav|Let me describe to you, let me describe to you some of the issues which I think indicate how clearly and how significant this election is.
jfk_01307.wav|A few days ago in the House of Representatives, we lost a bill to provide assistance to higher education.
jfk_01309.wav|in the colleges of the United States in 1970 as we did in 1960.
jfk_01311.wav|We lost our bill to provide assistance to higher education by 32 votes, and three-fourths of the Republicans voted against it.
jfk_01312.wav|Last year, 84% of the Republicans in the United States Senate voted against nationwide financing of unemployment compensation.
jfk_01313.wav|Eastern Kentucky, West Virginia, parts of Indiana, Southern Illinois, parts of Ohio, know what it is to have chronic unemployment.
jfk_01314.wav|Eighty-four percent of the Republicans in the Senate voted against nationwide standards for unemployment compensation.
jfk_01315.wav|Last month, nine out of ten Republicans in the Ways and Means Committee of the House, which must report the bill to the floor, voted against renewing temporary unemployment compensation.
jfk_01316.wav|for those hundreds of thousands of workers who every month exhaust their unemployment compensation and can't find a job and go on relief.
jfk_01319.wav|80% of the Republicans in the House voted against a minimum wage of $1.25 an hour at $40 a week in those firms in interstate commerce.
jfk_01321.wav|These Republicans, and they are all fine men, but they do not agree with our view of the necessity for the passage of this kind of legislation.
jfk_01322.wav|They are joined by a few Democrats who oppose progress also.
jfk_01323.wav|And this combination, this coalition prevents us on issue after issue from securing the passage of important legislation.
jfk_01325.wav|I can tell you what we stand for, but I challenge anyone to tell us what the Republican Party stands for in 1962 on a record such as this.
jfk_01329.wav|This summer, we lost health care for the aging, which affects not only the aging,
jfk_01330.wav|but their son and daughter, who's about 40 or 45, who must support their father or mother, and also must educate their child.
jfk_01331.wav|A change of one vote in the United States Senate would have secured the passage of this piece of legislation.
jfk_01332.wav|And I must say, though, this is a matter which Kentucky must decide in a time when we have a Democratic administration and president, a Democratic House and Senate, who speaks for Kentucky.
jfk_01333.wav|with two Republican senators, and there's a chance this year to change it by sending not only a Democratic senator, but far more importantly, a distinguished American who can serve not only Kentucky, but also the United States of America.
jfk_01335.wav|Politics is a profession which interests comparatively few people.
jfk_01336.wav|But the things that we're talking about are the matters which go to the vitality of the United States in 1962.
jfk_01337.wav|This country has a great many responsibilities here in the United States, and only if we meet them can we be sure of being strong abroad.
jfk_01338.wav|Therefore, I come to Kentucky, and I ask a state with a long democratic tradition, with a distinguished governor, a state which has occupied a position of leadership in the Congress for years,
jfk_01339.wav|I come to Kentucky and ask your support in returning Democrats to the House and a Democrat to the United States Senate.
jfk_01340.wav|The President's Remarks to the Overflow Crowd at a Democratic Bean Feed from the Hippodrome at the State Fairgrounds, Minneapolis, Minnesota, October 6, 1962
jfk_01341.wav|This must be the group who did not send Hubert Humphrey a Christmas present.
jfk_01343.wav|I do want to express my admiration for what I heard was the largest meeting of its kind in the history of this state.
jfk_01344.wav|And I want you to know how much we all appreciate the effort that you have made, the commitment you've made to the Democratic Party.
jfk_01345.wav|We are, as you know, the oldest political party on earth.
jfk_01346.wav|And I must say that I take the greatest pride and satisfaction in our inheritance from Jefferson, and Cleveland, and Andrew Jackson, and Wilson, and Roosevelt, and Truman.
jfk_01349.wav|So we ask your help in electing a great governor in this state and congressman who can speak, as I said, for Minnesota, but even more importantly, on those issues which so affect
jfk_01351.wav|We are the inheritors and the beneficiaries of all that Franklin Roosevelt and Truman and Woodrow Wilson did before us.
jfk_01360.wav|I thought maybe Hubert would sort of pray over us a little before this meeting breaks out.
jfk_01362.wav|from City Hall in Newark, New Jersey, October 12, 1962.
jfk_01363.wav|I want to express my great appreciation to all of you for your generous invitation to come here today.
jfk_01364.wav|My grandfather, John F. Fitzgerald, who used to be the mayor of Boston and was a congressman, always used to claim that the Fitzgeralds were actually Italian
jfk_01366.wav|I have never had the courage to make that claim, but I'll make it on Columbus Day here in this state of New Jersey today.
jfk_01367.wav|I'm glad to be here also to be introduced by an old colleague of mine, Pete Rodino.
jfk_01368.wav|He and your distinguished mayor came to the Congress in 1948, and we served together for a number of years.
jfk_01369.wav|They spoke for their city, and they spoke for New Jersey, but most of all they spoke for the United States.
jfk_01370.wav|And I am very proud that the people of his own city have selected you, Adonisio, to be the mayor and continue to send to the Congress of the United States our valued friend, Pete Rodino.
jfk_01374.wav|We have today our own frontiers and our own challenges.
jfk_01375.wav|In space, as Pete Rodino said, in the ocean,
jfk_01376.wav|We are now able to have submarines navigate under the deep ice lows of the Arctic.
jfk_01377.wav|We have the great challenges of trying to maintain the peace on this globe and trying to advance the interests of the human race.
jfk_01378.wav|And we also have the most exciting adventure, I think, here in our own cities and here in our own country, to make it possible for every American
jfk_01379.wav|to live a rich and fruitful and productive and prosperous life.
jfk_01380.wav|That is a challenge which carries with it the greatest responsibility, the greatest burdens, and the greatest opportunity for us all.
jfk_01381.wav|So I think that on Columbus Day, we do well to recall the past, the 40 million Americans of Italian extraction who followed Columbus.
jfk_01382.wav|Four of our states now have governors who are Americans of Italian descent.
jfk_01385.wav|Secretary Celebrezzi of the Department of Health, Education, and Welfare.
jfk_01390.wav|So I think that the long voyage of Columbus back and out, I think, has been well repaid.
jfk_01393.wav|I want to express my thanks to all of you for having been kind enough to invite on this great day in this city
jfk_01396.wav|Remarks of the President upon arrival, Niagara, New York Airport, October 14, 1962.
jfk_01397.wav|I want to express my thanks to all of you for coming out here and being kind enough to greet an itinerant traveling
jfk_01399.wav|I've come here today for two reasons.
jfk_01400.wav|First, to express my thanks to all of you for your generosity to me two years ago, and also to take part in the ceremony honoring Pulaski.
jfk_01401.wav|I think that the anniversary which we celebrate today on his behalf has a particular significance to our country.
jfk_01402.wav|because it reminds us for how long our country has been the great hope of people all over the world.
jfk_01403.wav|I know that Americans sometimes become dissatisfied and discontent, but I think that as citizens of this country we should realize that the hope of the free world, the hope of the enslaved world,
jfk_01405.wav|That is a proud role which we did not seek, but from which we do not flinch.
jfk_01407.wav|to remind ourselves when we salute Pulaski, who fought for our freedom, that we in this country maintain the freedom of hundreds of millions of people who without us would be permanently enslaved.
jfk_01409.wav|That's why I'm proud to be a citizen of this country in the great decade through which we're living.
jfk_01410.wav|And that's why I'm grateful to all of you for coming out and saying hello.
jfk_01412.wav|the President's remarks to a group of radio station representatives from the Rose Garden of the White House, December 4th, 1962.
jfk_01415.wav|which was the point of view of the free people of this hemisphere to the people of Cuba in late October and early November.
jfk_01416.wav|We therefore asked a number of radio stations if they could assist us.
jfk_01417.wav|The Voice of America broadcast to Latin America and to Cuba through short wave.
jfk_01419.wav|And the only device that we could use was the radio stations.
jfk_01422.wav|None of them put forward all of the objections which they could have in regard to previous programs and previous commitments, but instead immediately made their stations available.
jfk_01423.wav|And from dusk till dawn, they broadcast the message of the United States to the people of Cuba.
jfk_01426.wav|First, how significant radio is in getting across a message beyond national boundaries.
jfk_01427.wav|And secondly, they showed how patriotic were those men who ran these stations.
jfk_01431.wav|For service of special merit, the government of the United States of America commends the dedicated and patriotic service of radio station KAAY for its performance during the Cuban crisis of October-November 1962.
jfk_01432.wav|This station voluntarily canceled its own programs and instead, from dusk till dawn, during this period, relayed programs of the Voice of America to Cuba.
jfk_01433.wav|In so doing, it performed a service of great value to the American people and government
jfk_01435.wav|"In recognition thereof, this certificate is rendered by a grateful nation."""
jfk_01436.wav|Signed Edward Murrow, Newton Minow, and John Kennedy.
jfk_01437.wav|A similar message of appreciation to WRUL, which also voluntarily canceled its own programs,
jfk_01438.wav|and instead, during this period, relayed programs of the Voice of America to Cuba.
jfk_01441.wav|WSB, a station which canceled its own programs, and from dusk to dawn during this period, relayed programs of the Voice of America to Cuba.
jfk_01446.wav|canceled its programs during the Cuban crisis, and relayed instead, from dusk to dawn, programs of the Voice of America to the people of Cuba, and rendered great service to the country.
jfk_01447.wav|Thank you, Mr. President.
jfk_01449.wav|The President's remarks upon the arrival of the Prime Minister of Italy, Aventori Fanfani, from the South Lawn of the White House,
jfk_01452.wav|You've come, Mr. Prime Minister, at a time which is particularly appropriate.
jfk_01454.wav|Indeed, all the subjects which go to the defense of the West and the defense of the free world
jfk_01458.wav|most astonishing really in Europe, a development of its balance of payments, which has been almost unprecedented in the last few years, an attack on unemployment, which has brought you wide success.
jfk_01459.wav|Italy is a ancient and also a most modern country.
jfk_01460.wav|And it's a modern renaissance is almost as extraordinary as its earlier one.
jfk_01463.wav|that we have welcomed this month, and we're very glad to have you here.
jfk_01464.wav|The President's Remarks to the National Democratic Committee Men and Women from the East Room of the White House, January 18, 1963.
jfk_01465.wav|Mr. Chairman, I want to express a very warm welcome to all of you.
jfk_01468.wav|The Constitution, which is an extraordinary document, really did not, at least our founding fathers, did not realize that the
jfk_01469.wav|basic fact which has made our system work was outside the Constitution, and that was the development of political parties in this country.
jfk_01470.wav|So if the American people would have the means of placing responsibility on one group, that group would have a chance to carry out its program, and the American people would have an opportunity to indicate their dissatisfaction by going to an alternative.
jfk_01471.wav|That system has served us well, and there is no responsibility in that sense that a president has
jfk_01472.wav|as President Truman has pointed out, and he has as a leader of a political party, and especially this political party, the oldest in the world, the oldest in our country's history.
jfk_01474.wav|who were enabled to use the party to carry out a program.
jfk_01477.wav|It's a means of doing the things which this country needs in the 60s.
jfk_01479.wav|And I think we're privileged to play a part in seeing that this country is well served.
jfk_01481.wav|The work which you do day in and day out really does make it possible for us to
jfk_01482.wav|carry out great projects which serve not only this country, but all that depend upon it.
jfk_01483.wav|So you're most welcome here, and we want to tell you that this is one place where you don't even have to buy a $1 ticket to come in.
jfk_01484.wav|The President's remarks at the Democratic Gala commemorating the second anniversary of his inauguration.
jfk_01485.wav|From the National Guard Armory in Washington, D.C., January 18, 1963.
jfk_01487.wav|Ladies and gentlemen, John Bailey, the Vice President, Bedford Winn.
jfk_01488.wav|I want to express all of our thanks to all of those who were so generous with us tonight.
jfk_01491.wav|Matt McCluskey was the originator 30 years ago of the $100 dinner.
jfk_01492.wav|We have revolutionized that by removing the dinner, but we are hanging on to the $100.
jfk_01494.wav|Actually, I've been asked by Mr. Wynn to announce the man who sold the most tickets tonight.
jfk_01497.wav|invited to a cocktail party by Kenny O'Donnell and that's the way I happened to get my ticket.
jfk_01498.wav|In any case, I want to thank you for your help.
jfk_01499.wav|A party is of no use unless it fulfills some national purpose.
jfk_01500.wav|I said the other day in the State of the Union that we were not on the top of the hill but on the side of the hill.
jfk_01501.wav|I don't think in this administration or in our generation or time will this country be at the top of the hill
jfk_01503.wav|And I hope when it is, that they will think that we've done our part.
jfk_01505.wav|President's Toast at the State Dinner honoring Vice President Lyndon B. Johnson, Speaker of the House John McCormick, and the Chief Justice of the Supreme Court Earl Warren.
jfk_01508.wav|Mr. Vice President and Mr. Speaker, Mr. Chief Justice, I want to express my great pleasure at having all of you.
jfk_01512.wav|We're representing the wives.
jfk_01514.wav|This is one of our first dinners which have not been dedicated in the White House to either culture or politics, though I will say that culture is not above any of our honored guests, nor is politics beneath them.
jfk_01515.wav|In any case, we're glad to welcome them here once again.
jfk_01516.wav|In the past, it was the custom to have three separate dinners during the winter, the Vice President's dinner, the Speaker's dinner, the Chief Justice's.
jfk_01518.wav|And we are not only obliged by custom and necessity to work together, but in this case I think we work together with a good deal of pleasure, satisfaction, and pride.
jfk_01520.wav|The Vice President and the Chief Justice and I have a good deal in common.
jfk_01522.wav|All of us were candidates for Vice President, but only one of us made it.
jfk_01523.wav|And all of us were candidates for President, but only one of us made it.
jfk_01524.wav|And all of us desire a long tenure, but only one of us has made it.
jfk_01526.wav|So I hope that everyone will get up with me in drinking to the Vice President, to the Speaker, the Chief Justice, and to the Constitution, which makes it possible.
jfk_01528.wav|Remarks of the President on the Birmingham Crisis, May 12, 1963.
jfk_01529.wav|I am deeply concerned about the events
jfk_01535.wav|These occurrences led to rioting, personal injuries, property damage, and various reports of violence and brutality.
jfk_01536.wav|This government will do whatever must be done to preserve order
jfk_01537.wav|to protect the lives of its citizens and to uphold the law of the land.
jfk_01540.wav|The Birmingham Agreement was and is a fair and just accord.
jfk_01541.wav|It recognized the fundamental right of all citizens to be accorded equal treatment and opportunity.
jfk_01542.wav|It was a tribute to the process of peaceful negotiation and to the good faith of both parties.
jfk_01543.wav|The federal government will not permit it to be sabotaged by a few extremists
jfk_01544.wav|on either side, who think they can defy both the law and the wishes of responsible citizens by inciting or inviting violence.
jfk_01546.wav|and that good will and good faith are most important now to restore the atmosphere in which last week's agreement can be carried out.
jfk_01547.wav|There must be no repetition of last night's incidents by any group.
jfk_01548.wav|To make certain that this government is prepared to carry out its statutory and constitutional obligations
jfk_01550.wav|First, I'm sending Assistant Attorney General Burke Marshall back to Birmingham this evening to consult with local citizens.
jfk_01551.wav|He will join Assistant Deputy Attorney General Joseph F. Dolan and other Justice Department officials who were sent to Birmingham this morning.
jfk_01552.wav|Two, I have instructed Secretary of Defense McNamara to alert units of the armed forces
jfk_01553.wav|trained in riot control, and to dispatch selected units to military bases in the vicinity of Birmingham.
jfk_01554.wav|Finally, I have directed that the necessary preliminary steps to calling the Alabama National Guard into federal service be taken now, so that units of the Guard will be promptly available should their services be required.
jfk_01558.wav|Remarks of the President at Dedication of the East Coast Memorial to the Missing, from Battery Park in New York City, May 23, 1963.
jfk_01560.wav|few days ago, describing the ceremony of the commissioning of a new Polaris submarine, the Andrew Jackson.
jfk_01561.wav|And he said that to each captain of the new submarine, he gives a plaque which contains an old Breton prayer which was said by fishermen from there for hundreds of years.
jfk_01564.wav|The sea has been a friend or an enemy of us all, but it has never since our earliest beginnings carried special hazards for the people of this country.
jfk_01566.wav|Our forebears came by that sea to this land.
jfk_01567.wav|The sea has been our friend and on occasions our enemy, but to life in the sea
jfk_01568.wav|with all of its changes and hazards was added the struggle with man.
jfk_01569.wav|And it is that struggle of nature and man which cost us the lives of 4,500 Americans whom we commemorate today.
jfk_01570.wav|We commemorate them particularly appropriately here in the shadow of the Statue of Liberty.
jfk_01571.wav|I'm sure that their families who will come here and read their names
jfk_01572.wav|may wonder on occasion whether this rather extraordinary act on their behalf was worthwhile.
jfk_01573.wav|It is, after all, against the law of nature for parents to bury their children.
jfk_01575.wav|And when it's necessary for a father or a mother to bury a son who may range from 18 to 28, with all of his life before him, it represents a special wrench.
jfk_01576.wav|And I'm sure they wonder, with all of the bright promises, particularly of World War I and then World War II, what it all meant that we should be in such hazard today.
jfk_01577.wav|I suppose it means that every generation of Americans must be expected in their time to do their part to maintain freedom for their country and freedom for those associated with it.
jfk_01578.wav|That there is no final victory, but rather all Americans
jfk_01579.wav|must be always prepared to play their proper part in a difficult and dangerous world.
jfk_01583.wav|Remarks of the President upon arrival at the Honolulu International Airport from Honolulu, Hawaii, June 8, 1963.
jfk_01590.wav|I have come here to speak to the mayors of the United States on a matter which concerns us all, and that is how the American people can live more happily and more securely together.
jfk_01591.wav|And there is no place where it is more appropriately said and understood than in this part of the United States, here on this island.
jfk_01592.wav|reaching into the Pacific, yet part of the United States.
jfk_01593.wav|This island represents all that we are and all that we hope to be.
jfk_01595.wav|In 1960, I went to Alaska and did not come here.
jfk_01597.wav|But nevertheless, in spite of that ominous sign,
jfk_01600.wav|And I want to express a warm thanks to all of you for having come to the airport and held out a warm hand of greeting to all of us who have traveled so far.
jfk_01601.wav|We'll stay here so briefly, but we'll go back to Washington knowing that this country is still all that it is and all that it will be.
jfk_01603.wav|Remarks of the President at Centennial Celebration of West Virginia from the Capitol Steps in Charleston, West Virginia, June 20, 1963.
jfk_01606.wav|The sun does not always shine in West Virginia, but the people always do.
jfk_01608.wav|In many other places, this crowd would long ago have gone home.
jfk_01609.wav|But this state was born in a period of difficulty and tension
jfk_01610.wav|1863 was marked by three extraordinary events, the birth of this state, the Emancipation Proclamation, and the Battle of Gettysburg.
jfk_01611.wav|This state was born to turmoil.
jfk_01612.wav|It has known sunshine and rain in a hundred years.
jfk_01613.wav|But I know of no state, and I know this state well, whose people feel more strongly
jfk_01614.wav|who have a greater sense of pride in themselves, in their state, and in their country than the people of West Virginia.
jfk_01616.wav|I am proud to come here today to join you in saluting the birth of this state.
jfk_01617.wav|I'm proud to join you in telling the United States what West Virginia stands for.
jfk_01618.wav|And I'm proud to join you with the same hope for the future of this state in 1963 that you must feel.
jfk_01619.wav|When I was here in 1960, West Virginia had all of the difficulties which had affected it for so many years.
jfk_01620.wav|This state has still many problems, and so does this country.
jfk_01621.wav|But where in 1960 West Virginia was at the bottom fiftieth
jfk_01622.wav|in the percentage of attention it received from the national government.
jfk_01623.wav|It is a fact that in 1963 it has moved up to 30th.
jfk_01625.wav|There's still too much unemployment, but I believe that West Virginia and the United States have a bright future.
jfk_01627.wav|I would not have some of the responsibilities which I now bear.
jfk_01629.wav|And therefore I'm proud to come back here on this rainy day and salute this state and join you in committing West Virginia and the country to another hundred years of progress.
jfk_01631.wav|And I will carry on Saturday when I go to Europe the proud realization
jfk_01632.wav|that not only Mountaineers but also Americans are always free.
jfk_01634.wav|Remarks of the President upon arrival at Tegel Airport, Berlin, June 26, 1963.
jfk_01635.wav|I want to express my warm thanks to Mayor Brandt for his generous welcome.
jfk_01638.wav|As Mayor Brandt said, I do not come here to reassure the people of West Berlin.
jfk_01640.wav|The legendary morale and spirit of the people of West Berlin has lit
jfk_01645.wav|And we express our thanks to the people of West Berlin for their welcome this morning.
jfk_01646.wav|We come to a city which is 3,500 miles from the United States, but we come to a city which we feel to be part of us.
jfk_01648.wav|REMARKS OF THE PRESIDENT UPON ARRIVING FUMICINI INTERNATIONAL AIRPORT, ROME, ITALY, JULY 1, 1963.
jfk_01649.wav|Mr. President, I want to express my appreciation to you for your generous welcome.
jfk_01650.wav|I come to this country and to this ancient city for a good many important reasons.
jfk_01651.wav|Millions of my fellow countrymen left these shores
jfk_01652.wav|They occupy positions of the highest responsibility in the United States, member of the cabinet, members of the Congress, governors.
jfk_01653.wav|Most importantly, perhaps of all, they have raised large families and have been productive and responsible citizens.
jfk_01654.wav|I'm glad to be here also, Mr. President, because Italy occupies a position of strategic importance, vital to the security of Europe, vital to the security of the United States.
jfk_01655.wav|in the heart of Europe, reaching down into the Mediterranean towards Africa.
jfk_01656.wav|The maintenance of a free democracy here in Italy is of great interest, a vital interest, not only to your own people, but also to all of us who believe in freedom.
jfk_01657.wav|I come, Mr. President, to this very ancient country, but I come on the most modern business,
jfk_01660.wav|Through necessity, we are joined together.
jfk_01661.wav|Through friendship, we find that union to be most harmonious.
jfk_01662.wav|It is our task, I think, Mr. President, to make sure, in the interests of both of our countries, that that association remains as strong in the future as it's been in the past.
jfk_01663.wav|We regard that of the first importance to my country.
jfk_01664.wav|And I'm also glad, Mr. President, for personal reasons, to be your guest.
jfk_01665.wav|You have been to the United States since my incumbency.
jfk_01666.wav|We value highly your leadership, and therefore I feel myself not only in a
jfk_01667.wav|country with which the United States has cordial relations, but also among friends.
jfk_01669.wav|The President's Remarks to a Group of American Field Service Students from the South Lawn of the White House, July 18, 1963.
jfk_01670.wav|Ladies, Mr. Gilardi, Ambassadors, fellow Americans, visitors from abroad,
jfk_01671.wav|You are not the quietest group that have come to visit us on the White House, but we're glad to see you here.
jfk_01672.wav|I wonder how many in this audience comes from different parts of the world.
jfk_01673.wav|Perhaps first we'll start with this hemisphere.
jfk_01674.wav|How many come from Canada or Latin America?
jfk_01680.wav|And Asia, which we... And Australia or New Zealand?
jfk_01681.wav|Well, you're a small group, but we're glad to have you here.
jfk_01682.wav|Well, I want to first of all express my commendation to the American Field Service.
jfk_01683.wav|I knew a good many young men who served in the Second War in the American Field Service in North Africa and in Europe.
jfk_01684.wav|And I think their experience working with other armies, the Eighth Army in North Africa,
jfk_01685.wav|armies of a good many of your countries, gave them a sense that we shouldn't have another war, and also the importance of people working together.
jfk_01689.wav|In any case, I hope you'll remember that the United States is not it or a unit, but the United States are 180 million people who are going through the same experiences that your people are going through.
jfk_01691.wav|This effort, which has been made to bring you to the United States and bring the students of the United States around the world, has not been made merely to give you an interesting year.
jfk_01694.wav|If we're able to do that, this will be the most remarkable generation in the history of the world.
jfk_01696.wav|No generation has passed without a war.
jfk_01698.wav|And now we have the terrible responsibility, at a time when we have weapons which will destroy the human race, of working out means of living together.
jfk_01700.wav|And that is what you should spend your life, along with pursuing your own private interests, that's what we hope you'll spend your life doing.
jfk_01703.wav|I hope that
jfk_01706.wav|The President's Remarks to Cope Metropolitan Area Registration Conference for 1963, from the Rose Garden of the White House, September 18, 1963.
jfk_01707.wav|Mr. Meany and Al Barkin, Andy B. Miller, ladies and gentlemen, I want to welcome you to the White House again.
jfk_01709.wav|I see a good many familiar faces from a good many old
jfk_01713.wav|There have been a number of explanations for that, but I think one of the
jfk_01715.wav|We have really proceeded through 18 years of an extraordinary economic story.
jfk_01716.wav|It is our hope that, and what we have done at home, I think we've done even more significantly abroad.
jfk_01721.wav|Our job, it seems to me, in the 1960s is to build upon that path that we're trying to do.
jfk_01726.wav|and the help of other responsible and interested citizens, we can do a good deal of it.
jfk_01728.wav|I think you have a good deal of reason, the labor movement, to be proud of what you've stood for.
jfk_01729.wav|And I want you to know that we appreciate what you stand for today.
jfk_01731.wav|The President's Remarks at Arrival Ceremonies in Honor of His Imperial Majesty, Emperor Haile Selassie of Ethiopia.
jfk_01732.wav|from Union Station in Washington, D.C., October 1st, 1963.
jfk_01733.wav|Ladies and gentlemen, I know I speak in behalf of all of my fellow Americans in welcoming His Imperial Majesty back to the United States.
jfk_01734.wav|In welcoming His Majesty, we honor not only a distinguished leader of his country and a distinguished world figure, but we also
jfk_01735.wav|welcome a man whose place in history is already assured.
jfk_01737.wav|in its high hopes by the consistent support which His Imperial Majesty has given to those efforts since the end of the Second War to associate free nations together in common enterprises.
jfk_01739.wav|a community of free and independent states in Africa.
jfk_01742.wav|in His Majesty's capital, served, I think, to bring together in a great cooperative movement the people of most of these countries.
jfk_01743.wav|And the success of that conference was due in no small part to the leadership of our distinguished guest.
jfk_01744.wav|Therefore, for what he has done in his own country, his efforts to move his country forward and provide a better life for its people, and his efforts throughout the world, which stretch back
jfk_01746.wav|For all of this, Your Majesty, we take the greatest pride in welcoming you here.
jfk_01748.wav|And I can assure you that there is no guest that we will receive in this country that will give a greater sense of livelier pride and satisfaction to the American people than your presence here today.
jfk_01750.wav|Remarks of the President upon signing the Atomic Test Ban Treaty in the Treaty Room of the White House, October 7, 1963.
jfk_01751.wav|Ladies and gentlemen, in its first two decades, the age of nuclear energy has been full of fear, yet never empty of hope.
jfk_01753.wav|For the first time, we have been able to reach an agreement which can limit the dangers of this age.
jfk_01754.wav|The agreement itself is limited, but its message of hope has been heard and understood not only by the peoples of the three originating nations, but by the peoples and governments of the hundred other countries that have signed.
jfk_01755.wav|This treaty is the first fruit of labors in which multitudes have shared, citizens, legislators, statesmen, diplomats, and soldiers too.
jfk_01757.wav|but never this nation alone, has sought the doorway to effective disarmament and to a world where peace is secure.
jfk_01758.wav|Today we have a beginning, and it is right for us to acknowledge all whose work across the years have helped to make this beginning possible.
jfk_01760.wav|This first fruit of hope may or may not be followed by larger harvests.
jfk_01762.wav|great as it is with promise, can survive only if it has from others the determined support in letter and in spirit, which I hereby pledge on behalf of the United States.
jfk_01764.wav|And even if it fails, we shall not regret that we have made this clear and honorable national commitment to the cause of man's survival.
jfk_01768.wav|This small step toward safety can be followed by others, longer and less limited, if also harder in the taking.
jfk_01769.wav|With our courage and understanding enlarged by this achievement, let us press onward in quest of man's essential desire for peace.
jfk_01770.wav|As President of the United States, and with the advice and consent of the Senate, I now sign the instruments of ratification of this treaty.
jfk_01771.wav|Remarks of the President upon presenting the 1963 Collier Trophy to the original team of seven astronauts from the Rose Garden of the White House, October 10, 1963.
jfk_01772.wav|And I'm particularly glad that the decision has been made to award the trophy this year to them.
jfk_01773.wav|I think it honors an extraordinary page in American history, as well as in the history of flight.
jfk_01777.wav|Most of all, I want to express our appreciation to the astronauts
jfk_01778.wav|who have become part of the American story in a very real way, and to their wives, who are also here.
jfk_01779.wav|I imagine that someday we'll be welcoming them back, one, two, or three of them anyway, who have gone a good deal further than they've now gone.
jfk_01781.wav|I wonder if Mr. Webb might say a word about this award, more especially about the significance of this great effort in space.
jfk_01782.wav|I just want to say one more word while we've got an audience, and that is about this space program.
jfk_01783.wav|When the plane was first invented, I'm sure there are a good many who wondered what possible use it could be.
jfk_01784.wav|When the first Sputnik went up, a satellite, I'm sure it was regarded as an extraordinary feat, but not perhaps of great international significance.
jfk_01785.wav|I can assure you that it's had the most extraordinary influence on our lives.
jfk_01786.wav|been useful beyond measure to the United States, and I feel that way about what we're trying to do now.
jfk_01787.wav|It may, to some who maybe only dimly perceive where we're going and what it's going to mean, they may not feel that this is of the greatest priority to our country.
jfk_01788.wav|I'm confident that when this job is done of giving the United States the kind of position in this area, which it must have, that it will then become as obvious
jfk_01789.wav|to us, its significance is obvious to us, its use is obvious to us, its benefit is obvious to us as a country, as the Sputnik, the satellite is to us, as the airplane is to us.
jfk_01790.wav|And I think that in the course of that, we'll have particular appreciation to the Americans who are here today who led this effort.
jfk_01791.wav|So it's a great pleasure I present to them this celebrated award.
jfk_01792.wav|the President's remarks upon departure from MacDill Air Force Base, Florida, November 18, 1963.
jfk_01796.wav|the members of the Armed Forces of the United States, General, not only for your welcome today, but also for your service every day.
jfk_01798.wav|at sea, and stationed in far off land, serve the great republic in a time of danger and change.
jfk_01800.wav|On behalf of the people of this country, I want to express my thanks to you.
